bothell/2005/01.txt,120th / N Creek Pkwy N,,March 09  2005,07:00-07:15,32,104,3,,,,,42,20,2,,,0,0,,0,0,,0,0,,
bothell/2005/01.txt,120th / N Creek Pkwy N,,March 09  2005,07:15-07:30,39,115,7,,,,,51,31,8,,,1,0,,0,0,,0,0,,
bothell/2005/01.txt,120th / N Creek Pkwy N,,March 09  2005,07:30-07:45,34,122,14,,,,,61,24,12,,,0,0,,0,0,,0,1,,
bothell/2005/01.txt,120th / N Creek Pkwy N,,March 09  2005,07:45-08:00,48,146,21,,,,,66,21,9,,,1,0,,0,0,,0,0,,
bothell/2005/01.txt,120th / N Creek Pkwy N,,March 09  2005,08:00-08:15,51,142,18,,,,,74,26,14,,,1,0,,0,0,,0,0,,
bothell/2005/01.txt,120th / N Creek Pkwy N,,March 09  2005,08:15-08:30,45,136,16,,,,,69,18,12,,,0,0,,0,0,,0,0,,
bothell/2005/01.txt,120th / N Creek Pkwy N,,March 09  2005,08:30-08:45,42,134,24,,,,,71,25,11,,,1,0,,0,0,,0,0,,
bothell/2005/01.txt,120th / N Creek Pkwy N,,March 09  2005,08:45-09:00,48,128,19,,,,,52,18,13,,,0,0,,0,0,,0,0,,
bothell/2005/02.txt,North Creek Pkwy / 196th,,March 16  2005,15:30-15:45,63,10,2,0,188,14,9,5,48,30,114,35,1,1,1,1,0,0,0,0,,
bothell/2005/02.txt,North Creek Pkwy / 196th,,March 16  2005,15:45-16:00,72,6,3,1,179,8,12,9,43,21,140,30,1,0,0,2,1,0,0,0,,
bothell/2005/02.txt,North Creek Pkwy / 196th,,March 16  2005,16:00-16:15,95,9,3,5,129,8,20,19,84,17,176,24,2,2,1,1,0,0,0,0,,
bothell/2005/02.txt,North Creek Pkwy / 196th,,March 16  2005,16:15-16:30,108,5,6,2,137,14,24,9,60,20,154,19,1,1,1,2,0,1,1,1,,
bothell/2005/02.txt,North Creek Pkwy / 196th,,March 16  2005,16:30-16:45,106,2,6,3,135,5,34,9,79,20,183,25,0,1,0,2,1,0,0,0,,
bothell/2005/02.txt,North Creek Pkwy / 196th,,March 16  2005,16:45-17:00,108,2,4,2,152,8,24,12,89,12,162,24,0,0,1,2,0,0,0,0,,
bothell/2005/02.txt,North Creek Pkwy / 196th,,March 16  2005,17:00-17:15,106,7,6,2,127,6,35,11,88,20,176,26,1,1,2,1,0,0,1,0,,
bothell/2005/02.txt,North Creek Pkwy / 196th,,March 16  2005,17:15-17:30,100,7,10,3,137,6,24,6,72,16,186,22,0,2,0,1,0,0,1,0,,
bothell/2005/02.txt,North Creek Pkwy / 196th,,March 16  2005,17:30-17:45,131,11,6,2,168,8,27,1,47,24,138,22,1,2,1,0,0,1,1,1,,
bothell/2005/02.txt,North Creek Pkwy / 196th,,March 16  2005,17:45-18:00,90,8,2,2,128,10,32,3,62,16,167,8,1,1,1,0,0,0,0,0,,
bothell/2005/02.txt,North Creek Pkwy / 196th,,March 16  2005,18:00-18:15,86,8,1,1,152,5,12,2,43,16,154,17,0,0,0,1,1,0,1,0,,
bothell/2005/02.txt,North Creek Pkwy / 196th,,March 16  2005,18:15-18:30,68,5,2,3,139,8,12,0,57,11,148,8,1,1,1,2,1,0,0,0,,
bothell/2005/03.txt,120th / 195th,,March 16  2005,15:30-15:45,78,60,12,5,20,5,12,62,50,31,49,91,0,1,1,1,0,0,0,0,,
bothell/2005/03.txt,120th / 195th,,March 16  2005,15:45-16:00,84,55,12,2,22,2,8,74,61,23,42,110,0,0,1,1,0,0,0,0,,
bothell/2005/03.txt,120th / 195th,,March 16  2005,16:00-16:15,86,41,13,2,16,4,8,73,55,26,43,113,0,1,0,0,0,0,0,0,,
bothell/2005/03.txt,120th / 195th,,March 16  2005,16:15-16:30,76,48,10,4,23,7,5,68,52,34,42,118,1,1,0,0,0,0,0,0,,
bothell/2005/03.txt,120th / 195th,,March 16  2005,16:30-16:45,88,42,7,11,24,8,10,78,50,20,62,148,0,0,0,0,0,0,0,0,,
bothell/2005/03.txt,120th / 195th,,March 16  2005,16:45-17:00,95,49,22,12,10,4,17,73,60,29,42,131,1,0,0,0,0,0,0,0,,
bothell/2005/03.txt,120th / 195th,,March 16  2005,17:00-17:15,124,54,30,10,25,8,18,89,58,20,53,170,0,0,0,0,0,0,0,0,,
bothell/2005/03.txt,120th / 195th,,March 16  2005,17:15-17:30,110,49,22,7,18,1,8,60,34,49,79,136,0,1,1,1,0,0,0,0,,
bothell/2005/03.txt,120th / 195th,,March 16  2005,17:30-17:45,97,47,11,11,22,5,2,78,55,41,53,155,0,0,0,0,0,0,1,0,,
bothell/2005/03.txt,120th / 195th,,March 16  2005,17:45-18:00,76,29,7,8,20,2,5,88,48,13,34,127,1,0,0,1,0,0,1,0,,
bothell/2005/03.txt,120th / 195th,,March 16  2005,18:00-18:15,71,35,8,5,18,2,5,71,54,23,31,124,1,1,1,0,0,0,0,0,,
bothell/2005/03.txt,120th / 195th,,March 16  2005,18:15-18:30,61,28,13,8,13,1,2,68,41,19,34,107,0,0,0,0,0,0,0,0,,
bothell/2005/04.txt,120th / N Creek Pkwy South,,March 16  2005,15:30-15:45,9,74,39,,,,,136,1,14,,,0,0,,0,0,,0,0,,
bothell/2005/04.txt,120th / N Creek Pkwy South,,March 16  2005,15:45-16:00,11,80,42,,,,,141,1,13,,,0,0,,0,0,,0,0,,
bothell/2005/04.txt,120th / N Creek Pkwy South,,March 16  2005,16:00-16:15,12,79,46,,,,,143,2,11,,,0,0,,0,0,,0,0,,
bothell/2005/04.txt,120th / N Creek Pkwy South,,March 16  2005,16:15-16:30,8,74,39,,,,,142,1,12,,,1,0,,0,0,,0,0,,
bothell/2005/04.txt,120th / N Creek Pkwy South,,March 16  2005,16:30-16:45,7,69,69,,,,,168,0,14,,,0,0,,0,0,,0,0,,
bothell/2005/04.txt,120th / N Creek Pkwy South,,March 16  2005,16:45-17:00,6,90,65,,,,,162,4,20,,,0,0,,0,0,,0,0,,
bothell/2005/04.txt,120th / N Creek Pkwy South,,March 16  2005,17:00-17:15,9,107,81,,,,,198,5,16,,,1,0,,0,0,,0,0,,
bothell/2005/04.txt,120th / N Creek Pkwy South,,March 16  2005,17:15-17:30,14,78,45,,,,,181,2,19,,,0,0,,0,0,,0,1,,
bothell/2005/04.txt,120th / N Creek Pkwy South,,March 16  2005,17:30-17:45,5,95,48,,,,,171,1,7,,,0,0,,0,0,,0,1,,
bothell/2005/04.txt,120th / N Creek Pkwy South,,March 16  2005,17:45-18:00,4,64,33,,,,,165,5,10,,,0,0,,0,0,,0,0,,
bothell/2005/04.txt,120th / N Creek Pkwy South,,March 16  2005,18:00-18:15,5,74,41,,,,,156,4,9,,,1,1,,0,0,,0,0,,
bothell/2005/04.txt,120th / N Creek Pkwy South,,March 16  2005,18:15-18:30,9,61,31,,,,,161,1,6,,,1,0,,0,0,,0,0,,
bothell/2005/05.txt,Sb Ramps / Beardslee,,March 16  2005,15:30-15:45,31,54,,,,,28,0,39,,115,152,0,0,0,0,0,0,0,0,,
bothell/2005/05.txt,Sb Ramps / Beardslee,,March 16  2005,15:45-16:00,27,56,,,,,32,0,36,,121,154,1,1,0,1,0,0,0,0,,
bothell/2005/05.txt,Sb Ramps / Beardslee,,March 16  2005,16:00-16:15,29,57,,,,,35,0,35,,113,168,0,0,0,1,0,0,0,0,,
bothell/2005/05.txt,Sb Ramps / Beardslee,,March 16  2005,16:15-16:30,22,66,,,,,21,1,32,,125,142,0,0,0,3,0,0,1,0,,
bothell/2005/05.txt,Sb Ramps / Beardslee,,March 16  2005,16:30-16:45,19,75,,,,,28,0,42,,145,161,0,0,0,0,0,0,1,0,,
bothell/2005/05.txt,Sb Ramps / Beardslee,,March 16  2005,16:45-17:00,22,75,,,,,35,1,33,,172,148,1,0,0,0,0,0,0,0,,
bothell/2005/05.txt,Sb Ramps / Beardslee,,March 16  2005,17:00-17:15,57,96,,,,,45,1,44,,162,158,0,2,0,0,0,0,0,0,,
bothell/2005/05.txt,Sb Ramps / Beardslee,,March 16  2005,17:15-17:30,31,74,,,,,53,0,33,,176,161,1,5,0,0,0,0,1,0,,
bothell/2005/05.txt,Sb Ramps / Beardslee,,March 16  2005,17:30-17:45,60,79,,,,,57,1,24,,201,182,0,3,0,1,2,0,1,0,,
bothell/2005/05.txt,Sb Ramps / Beardslee,,March 16  2005,17:45-18:00,37,77,,,,,29,2,37,,159,149,1,0,0,1,0,3,0,0,,
bothell/2005/05.txt,Sb Ramps / Beardslee,,March 16  2005,18:00-18:15,42,74,,,,,35,1,38,,154,159,1,1,0,0,0,0,0,0,,
bothell/2005/05.txt,Sb Ramps / Beardslee,,March 16  2005,18:15-18:30,35,61,,,,,24,1,26,,145,156,0,0,0,1,0,0,1,0,,
bothell/2005/07.txt,104th / 190th,,March 15  2005,15:30-15:45,16,37,0,2,8,1,3,31,27,9,5,9,0,0,0,0,0,0,0,0,,
bothell/2005/07.txt,104th / 190th,,March 15  2005,15:45-16:00,9,35,1,4,7,2,1,46,28,20,3,16,0,0,0,0,0,0,0,0,,
bothell/2005/07.txt,104th / 190th,,March 15  2005,16:00-16:15,11,35,1,2,9,3,0,38,25,8,4,16,0,1,1,0,0,0,0,0,,
bothell/2005/07.txt,104th / 190th,,March 15  2005,16:15-16:30,10,27,0,5,16,2,1,56,40,10,1,23,0,0,0,0,0,0,0,0,,
bothell/2005/07.txt,104th / 190th,,March 15  2005,16:30-16:45,16,37,2,7,17,0,1,64,45,14,7,13,0,0,0,0,0,0,0,0,,
bothell/2005/07.txt,104th / 190th,,March 15  2005,16:45-17:00,11,30,1,6,19,2,0,47,57,12,2,11,0,0,0,0,0,0,0,0,,
bothell/2005/07.txt,104th / 190th,,March 15  2005,17:00-17:15,6,18,1,7,21,2,2,51,43,4,8,8,0,0,0,0,0,0,0,0,,
bothell/2005/07.txt,104th / 190th,,March 15  2005,17:15-17:30,8,28,2,6,13,2,2,64,61,10,5,7,0,0,0,0,0,0,0,0,,
bothell/2005/07.txt,104th / 190th,,March 15  2005,17:30-17:45,8,32,0,6,24,2,1,52,42,18,4,12,0,1,0,0,0,0,0,0,,
bothell/2005/07.txt,104th / 190th,,March 15  2005,17:45-18:00,9,48,2,3,11,3,0,50,43,19,6,15,0,0,0,0,0,0,0,0,,
bothell/2005/07.txt,104th / 190th,,March 15  2005,18:00-18:15,14,29,0,3,16,2,1,62,44,11,2,10,0,0,0,0,0,0,0,0,,
bothell/2005/07.txt,104th / 190th,,March 15  2005,18:15-18:30,7,25,1,1,15,2,0,50,39,17,2,14,0,0,0,0,0,0,0,0,,
bothell/2005/08.txt,Beardslee / 185th,,March 15  2005,15:30-15:45,22,61,28,,,,,85,2,4,,,0,0,,0,0,,0,0,,
bothell/2005/08.txt,Beardslee / 185th,,March 15  2005,15:45-16:00,18,65,28,,,,,63,0,4,,,0,0,,0,0,,0,0,,
bothell/2005/08.txt,Beardslee / 185th,,March 15  2005,16:00-16:15,26,51,22,,,,,57,2,1,,,0,0,,0,0,,0,0,,
bothell/2005/08.txt,Beardslee / 185th,,March 15  2005,16:15-16:30,26,71,39,,,,,54,1,0,,,0,0,,0,0,,0,0,,
bothell/2005/08.txt,Beardslee / 185th,,March 15  2005,16:30-16:45,37,84,34,,,,,54,3,0,,,0,0,,0,0,,0,0,,
bothell/2005/08.txt,Beardslee / 185th,,March 15  2005,16:45-17:00,33,85,29,,,,,61,2,0,,,0,0,,0,0,,0,0,,
bothell/2005/08.txt,Beardslee / 185th,,March 15  2005,17:00-17:15,45,87,31,,,,,66,1,0,,,0,0,,0,0,,0,0,,
bothell/2005/08.txt,Beardslee / 185th,,March 15  2005,17:15-17:30,41,92,38,,,,,65,0,4,,,0,0,,0,0,,0,0,,
bothell/2005/08.txt,Beardslee / 185th,,March 15  2005,17:30-17:45,32,71,41,,,,,77,2,0,,,1,0,,0,0,,0,0,,
bothell/2005/08.txt,Beardslee / 185th,,March 15  2005,17:45-18:00,30,74,32,,,,,55,1,3,,,0,1,,0,0,,0,0,,
bothell/2005/08.txt,Beardslee / 185th,,March 15  2005,18:00-18:15,25,62,25,,,,,46,0,2,,,0,0,,0,0,,0,0,,
bothell/2005/08.txt,Beardslee / 185th,,March 15  2005,18:15-18:30,13,66,19,,,,,43,0,0,,,0,0,,0,0,,0,0,,
bothell/2005/09.txt,SR527 / 190th,,March 15  2005,15:30-15:45,5,77,7,14,27,24,19,96,12,13,24,18,0,0,3,0,0,0,0,0,,
bothell/2005/09.txt,SR527 / 190th,,March 15  2005,15:45-16:00,13,99,6,18,29,27,22,143,19,16,34,6,0,0,0,0,0,0,0,0,,
bothell/2005/09.txt,SR527 / 190th,,March 15  2005,16:00-16:15,10,105,2,29,28,40,19,148,15,19,23,18,0,0,0,0,0,0,0,0,,
bothell/2005/09.txt,SR527 / 190th,,March 15  2005,16:15-16:30,13,104,8,25,48,27,26,143,9,11,41,15,0,1,0,0,0,0,0,0,,
bothell/2005/09.txt,SR527 / 190th,,March 15  2005,16:30-16:45,13,94,9,40,48,22,30,151,8,13,27,22,0,1,0,0,0,0,0,0,,
bothell/2005/09.txt,SR527 / 190th,,March 15  2005,16:45-17:00,16,99,12,42,50,29,19,156,7,15,39,18,0,2,0,0,0,0,0,0,,
bothell/2005/09.txt,SR527 / 190th,,March 15  2005,17:00-17:15,6,102,7,48,48,27,27,167,12,17,43,25,0,1,0,3,0,0,0,0,,
bothell/2005/09.txt,SR527 / 190th,,March 15  2005,17:15-17:30,14,101,13,55,44,34,26,158,8,10,40,22,0,0,0,2,0,0,0,0,,
bothell/2005/09.txt,SR527 / 190th,,March 15  2005,17:30-17:45,19,89,16,46,55,32,28,132,12,15,42,21,0,0,2,0,0,0,0,0,,
bothell/2005/09.txt,SR527 / 190th,,March 15  2005,17:45-18:00,16,97,11,30,43,35,34,153,12,8,28,26,1,0,0,1,0,0,0,0,,
bothell/2005/09.txt,SR527 / 190th,,March 15  2005,18:00-18:15,12,91,10,38,33,18,30,145,13,9,41,19,0,0,0,0,0,0,0,0,,
bothell/2005/09.txt,SR527 / 190th,,March 15  2005,18:15-18:30,4,90,12,40,37,16,20,137,12,16,30,19,0,0,0,0,0,0,0,0,,
bothell/2005/11.txt,SR527 / 183rd,,March 10  2005,15:30-15:45,27,107,5,18,10,14,5,160,10,11,19,25,1,0,0,0,0,0,0,0,,
bothell/2005/11.txt,SR527 / 183rd,,March 10  2005,15:45-16:00,16,102,12,19,20,9,8,138,9,8,16,32,0,0,1,0,0,0,0,0,,
bothell/2005/11.txt,SR527 / 183rd,,March 10  2005,16:00-16:15,19,99,18,24,19,10,6,111,9,14,13,24,0,1,0,0,0,0,0,0,,
bothell/2005/11.txt,SR527 / 183rd,,March 10  2005,16:15-16:30,19,88,13,16,15,16,8,167,5,7,16,22,1,0,2,0,0,0,0,0,,
bothell/2005/11.txt,SR527 / 183rd,,March 10  2005,16:30-16:45,32,108,17,26,19,10,10,150,6,12,13,32,1,0,0,1,0,0,0,0,,
bothell/2005/11.txt,SR527 / 183rd,,March 10  2005,16:45-17:00,28,108,13,19,17,16,9,147,11,12,25,27,0,0,0,0,0,0,0,0,,
bothell/2005/11.txt,SR527 / 183rd,,March 10  2005,17:00-17:15,26,119,15,19,21,34,9,176,6,9,14,16,0,1,2,0,0,0,0,0,,
bothell/2005/11.txt,SR527 / 183rd,,March 10  2005,17:15-17:30,19,112,13,29,23,20,13,153,14,12,19,21,0,1,1,0,0,0,0,0,,
bothell/2005/11.txt,SR527 / 183rd,,March 10  2005,17:30-17:45,14,97,9,25,24,15,10,169,11,9,12,27,1,0,3,0,0,0,0,0,,
bothell/2005/11.txt,SR527 / 183rd,,March 10  2005,17:45-18:00,20,98,9,23,16,10,6,168,10,14,20,15,0,0,0,0,0,0,0,0,,
bothell/2005/11.txt,SR527 / 183rd,,March 10  2005,18:00-18:15,7,122,13,27,11,12,6,152,5,6,14,18,0,0,0,0,0,0,0,0,,
bothell/2005/11.txt,SR527 / 183rd,,March 10  2005,18:15-18:30,15,90,9,16,14,9,3,130,10,4,12,21,0,0,0,0,0,0,0,0,,
bothell/2005/12.txt,SR527 / 185th,,March 10  2005,15:30-15:45,,118,,,,,13,172,22,59,,7,,0,0,0,0,0,0,,,
bothell/2005/12.txt,SR527 / 185th,,March 10  2005,15:45-16:00,,128,,,,,10,182,27,54,,8,,0,1,0,0,0,0,,,
bothell/2005/12.txt,SR527 / 185th,,March 10  2005,16:00-16:15,,133,,,,,16,181,29,41,,3,,0,0,0,0,0,0,,,
bothell/2005/12.txt,SR527 / 185th,,March 10  2005,16:15-16:30,,114,,,,,20,176,22,48,,9,,1,1,0,0,0,0,,,
bothell/2005/12.txt,SR527 / 185th,,March 10  2005,16:30-16:45,,141,,,,,15,198,32,48,,11,,0,1,0,0,0,0,,,
bothell/2005/12.txt,SR527 / 185th,,March 10  2005,16:45-17:00,,142,,,,,13,195,23,44,,10,,0,0,0,0,2,0,,,
bothell/2005/12.txt,SR527 / 185th,,March 10  2005,17:00-17:15,,151,,,,,16,194,29,56,,13,,0,1,0,0,0,0,,,
bothell/2005/12.txt,SR527 / 185th,,March 10  2005,17:15-17:30,,123,,,,,16,196,21,58,,12,,0,3,0,0,0,0,,,
bothell/2005/12.txt,SR527 / 185th,,March 10  2005,17:30-17:45,,108,,,,,21,190,32,43,,7,,0,1,1,0,0,0,,,
bothell/2005/12.txt,SR527 / 185th,,March 10  2005,17:45-18:00,,121,,,,,18,204,17,59,,7,,0,0,0,0,0,0,,,
bothell/2005/12.txt,SR527 / 185th,,March 10  2005,18:00-18:15,,137,,,,,13,184,24,68,,5,,0,1,0,0,0,0,,,
bothell/2005/12.txt,SR527 / 185th,,March 10  2005,18:15-18:30,,114,,,,,9,158,20,39,,3,,0,0,0,0,0,0,,,
bothell/2005/13.txt,132nd / Wb Ramp,,March 17  2005,15:30-15:45,49,92,,,,,,138,259,21,0,43,0,0,0,0,0,0,0,0,,
bothell/2005/13.txt,132nd / Wb Ramp,,March 17  2005,15:45-16:00,48,99,,,,,,154,233,16,0,34,0,0,0,0,0,0,0,0,,
bothell/2005/13.txt,132nd / Wb Ramp,,March 17  2005,16:00-16:15,40,78,,,,,,184,276,25,0,27,3,0,0,0,1,0,0,1,,
bothell/2005/13.txt,132nd / Wb Ramp,,March 17  2005,16:15-16:30,55,104,,,,,,185,212,18,2,34,0,0,0,0,0,0,0,0,,
bothell/2005/13.txt,132nd / Wb Ramp,,March 17  2005,16:30-16:45,49,106,,,,,,197,246,21,0,35,1,0,0,0,0,0,0,0,,
bothell/2005/13.txt,132nd / Wb Ramp,,March 17  2005,16:45-17:00,55,102,,,,,,222,231,25,0,34,0,0,0,0,0,0,0,1,,
bothell/2005/13.txt,132nd / Wb Ramp,,March 17  2005,17:00-17:15,83,101,,,,,,229,256,16,1,35,1,0,0,0,0,0,0,0,,
bothell/2005/13.txt,132nd / Wb Ramp,,March 17  2005,17:15-17:30,83,129,,,,,,228,230,23,1,32,0,0,0,0,0,0,0,1,,
bothell/2005/13.txt,132nd / Wb Ramp,,March 17  2005,17:30-17:45,53,106,,,,,,224,246,17,1,17,0,0,2,0,0,0,0,0,,
bothell/2005/13.txt,132nd / Wb Ramp,,March 17  2005,17:45-18:00,51,99,,,,,,216,237,23,1,35,0,2,2,0,0,0,0,0,,
bothell/2005/13.txt,132nd / Wb Ramp,,March 17  2005,18:00-18:15,52,112,,,,,,226,224,16,0,19,0,0,0,0,0,0,0,0,,
bothell/2005/13.txt,132nd / Wb Ramp,,March 17  2005,18:15-18:30,45,91,,,,,,196,231,16,0,27,2,0,0,0,0,0,0,0,,
bothell/2005/14.txt,92nd / 180th,,March 10  2005,15:30-15:45,11,6,21,7,32,4,7,4,1,7,34,8,1,2,1,0,1,0,0,0,,
bothell/2005/14.txt,92nd / 180th,,March 10  2005,15:45-16:00,9,9,10,8,29,7,7,6,2,1,29,11,1,0,1,1,0,0,0,0,,
bothell/2005/14.txt,92nd / 180th,,March 10  2005,16:00-16:15,11,5,14,5,24,7,9,8,4,6,22,8,2,1,0,0,3,0,0,0,,
bothell/2005/14.txt,92nd / 180th,,March 10  2005,16:15-16:30,12,6,9,13,34,9,6,11,4,3,22,9,1,1,0,0,0,0,0,0,,
bothell/2005/14.txt,92nd / 180th,,March 10  2005,16:30-16:45,8,6,10,15,40,12,5,5,3,3,18,14,0,0,0,0,0,0,0,0,,
bothell/2005/14.txt,92nd / 180th,,March 10  2005,16:45-17:00,11,6,12,13,31,11,9,4,2,3,17,13,0,0,0,0,0,0,0,0,,
bothell/2005/14.txt,92nd / 180th,,March 10  2005,17:00-17:15,15,8,9,14,49,10,10,6,0,1,20,8,0,0,0,0,0,0,0,0,,
bothell/2005/14.txt,92nd / 180th,,March 10  2005,17:15-17:30,16,6,5,8,39,12,4,10,2,2,27,9,2,2,0,0,0,0,0,0,,
bothell/2005/14.txt,92nd / 180th,,March 10  2005,17:30-17:45,11,5,7,14,36,8,10,9,4,2,16,4,0,0,0,0,0,0,0,0,,
bothell/2005/14.txt,92nd / 180th,,March 10  2005,17:45-18:00,9,6,4,7,52,6,9,8,12,1,36,4,0,0,0,0,0,0,0,0,,
bothell/2005/14.txt,92nd / 180th,,March 10  2005,18:00-18:15,12,6,13,12,42,6,5,6,16,1,28,9,0,0,0,0,0,0,0,0,,
bothell/2005/14.txt,92nd / 180th,,March 10  2005,18:15-18:30,10,6,9,9,31,11,4,7,9,1,20,9,0,0,0,0,0,0,0,0,,
bothell/2005/15.txt,88th / 180th,,March 10  2005,15:30-15:45,15,0,31,23,21,0,1,1,1,1,14,9,1,5,0,1,0,0,0,0,,
bothell/2005/15.txt,88th / 180th,,March 10  2005,15:45-16:00,15,4,18,15,20,3,4,0,3,0,16,8,1,1,1,1,3,0,0,0,,
bothell/2005/15.txt,88th / 180th,,March 10  2005,16:00-16:15,12,1,27,16,21,1,2,1,1,0,17,9,1,2,0,0,2,0,0,0,,
bothell/2005/15.txt,88th / 180th,,March 10  2005,16:15-16:30,15,0,17,17,23,0,0,0,1,3,16,11,0,0,0,0,0,0,0,0,,
bothell/2005/15.txt,88th / 180th,,March 10  2005,16:30-16:45,6,3,9,26,25,0,0,1,0,1,23,12,0,1,1,0,0,0,0,0,,
bothell/2005/15.txt,88th / 180th,,March 10  2005,16:45-17:00,11,1,10,22,20,3,1,0,0,2,16,4,0,0,0,1,0,0,0,0,,
bothell/2005/15.txt,88th / 180th,,March 10  2005,17:00-17:15,20,0,14,29,33,1,0,4,1,2,13,14,0,0,0,0,0,0,0,0,,
bothell/2005/15.txt,88th / 180th,,March 10  2005,17:15-17:30,9,4,25,24,22,2,1,5,0,1,14,17,1,1,1,0,0,0,0,0,,
bothell/2005/15.txt,88th / 180th,,March 10  2005,17:30-17:45,8,1,9,23,28,1,1,2,4,3,10,11,0,1,0,0,0,0,0,0,,
bothell/2005/15.txt,88th / 180th,,March 10  2005,17:45-18:00,10,1,23,35,28,0,2,1,5,2,18,13,0,0,0,0,0,0,0,0,,
bothell/2005/15.txt,88th / 180th,,March 10  2005,18:00-18:15,11,3,13,39,29,4,1,3,1,2,20,5,0,0,0,0,0,0,0,0,,
bothell/2005/15.txt,88th / 180th,,March 10  2005,18:15-18:30,8,3,12,20,25,0,0,1,0,1,22,12,1,0,0,0,0,0,0,0,,
bothell/2005/17.txt,102nd / Main,,March 10  2005,15:30-15:45,4,15,5,5,61,10,14,44,30,24,48,5,1,1,1,1,0,0,0,0,,
bothell/2005/17.txt,102nd / Main,,March 10  2005,15:45-16:00,5,27,3,5,48,10,17,54,19,17,48,5,0,0,0,0,0,0,0,0,,
bothell/2005/17.txt,102nd / Main,,March 10  2005,16:00-16:15,1,26,5,5,56,7,11,51,14,9,39,4,1,1,2,0,0,0,0,0,,
bothell/2005/17.txt,102nd / Main,,March 10  2005,16:15-16:30,5,16,5,5,46,18,13,44,31,11,48,2,1,2,2,1,0,0,0,0,,
bothell/2005/17.txt,102nd / Main,,March 10  2005,16:30-16:45,5,21,6,6,58,14,17,49,24,24,44,5,0,0,0,1,0,0,0,0,,
bothell/2005/17.txt,102nd / Main,,March 10  2005,16:45-17:00,4,22,6,3,52,14,16,46,25,20,44,2,1,1,1,0,0,0,0,0,,
bothell/2005/17.txt,102nd / Main,,March 10  2005,17:00-17:15,3,31,7,6,55,17,9,53,29,16,60,5,0,4,1,0,0,0,0,0,,
bothell/2005/17.txt,102nd / Main,,March 10  2005,17:15-17:30,3,27,2,9,61,19,21,51,20,14,53,2,1,2,1,0,0,0,0,0,,
bothell/2005/17.txt,102nd / Main,,March 10  2005,17:30-17:45,2,24,4,5,60,13,15,66,23,23,54,3,0,0,0,1,0,0,0,0,,
bothell/2005/17.txt,102nd / Main,,March 10  2005,17:45-18:00,2,16,2,1,63,12,18,64,29,13,44,7,1,1,0,1,0,0,0,0,,
bothell/2005/17.txt,102nd / Main,,March 10  2005,18:00-18:15,8,14,5,6,39,8,12,59,24,17,43,5,0,1,1,0,0,0,0,0,,
bothell/2005/17.txt,102nd / Main,,March 10  2005,18:15-18:30,0,11,2,3,41,9,16,42,27,14,38,4,0,0,0,1,0,0,0,0,,
bothell/2005/18.txt,Kaysner / Main,,March 10  2005,15:30-15:45,9,26,13,9,51,4,9,66,9,10,38,4,0,0,0,0,0,0,0,0,,
bothell/2005/18.txt,Kaysner / Main,,March 10  2005,15:45-16:00,3,34,15,16,54,7,12,71,12,12,32,5,0,0,0,0,0,0,0,0,,
bothell/2005/18.txt,Kaysner / Main,,March 10  2005,16:00-16:15,2,29,16,14,59,6,15,66,14,12,38,5,0,0,0,0,0,0,0,0,,
bothell/2005/18.txt,Kaysner / Main,,March 10  2005,16:15-16:30,11,32,16,11,61,8,10,64,12,15,59,5,0,1,1,0,0,0,0,0,,
bothell/2005/18.txt,Kaysner / Main,,March 10  2005,16:30-16:45,4,32,17,12,74,5,16,65,9,11,46,6,0,0,0,0,0,0,0,0,,
bothell/2005/18.txt,Kaysner / Main,,March 10  2005,16:45-17:00,9,37,11,17,77,6,12,71,18,11,55,8,0,0,0,0,0,0,0,0,,
bothell/2005/18.txt,Kaysner / Main,,March 10  2005,17:00-17:15,10,40,16,20,70,14,12,75,10,10,58,8,0,0,0,0,0,0,0,0,,
bothell/2005/18.txt,Kaysner / Main,,March 10  2005,17:15-17:30,6,41,20,11,74,4,9,95,13,7,47,5,1,1,0,0,0,0,0,0,,
bothell/2005/18.txt,Kaysner / Main,,March 10  2005,17:30-17:45,13,34,11,10,58,19,20,74,14,9,64,3,0,0,0,0,0,0,0,0,,
bothell/2005/18.txt,Kaysner / Main,,March 10  2005,17:45-18:00,7,35,10,16,68,9,11,78,13,10,56,3,0,2,0,1,0,0,0,0,,
bothell/2005/18.txt,Kaysner / Main,,March 10  2005,18:00-18:15,8,31,9,16,54,10,11,76,15,9,56,2,0,0,0,0,0,0,0,0,,
bothell/2005/18.txt,Kaysner / Main,,March 10  2005,18:15-18:30,6,24,7,17,41,4,13,68,16,5,54,2,0,0,0,0,0,0,0,0,,
bothell/2005/19.txt,102nd / Riverside,,March 10  2005,15:30-15:45,4,3,44,74,1,3,1,7,1,0,0,4,0,0,0,0,0,0,0,0,,
bothell/2005/19.txt,102nd / Riverside,,March 10  2005,15:45-16:00,1,9,41,84,3,7,3,11,0,1,1,4,0,0,0,0,0,0,0,0,,
bothell/2005/19.txt,102nd / Riverside,,March 10  2005,16:00-16:15,4,6,42,81,1,6,2,13,0,1,1,0,0,0,0,0,0,0,0,0,,
bothell/2005/19.txt,102nd / Riverside,,March 10  2005,16:15-16:30,3,3,36,76,1,2,5,7,0,0,1,3,0,0,0,0,0,0,0,0,,
bothell/2005/19.txt,102nd / Riverside,,March 10  2005,16:30-16:45,5,9,34,92,3,0,6,15,1,0,2,2,0,0,1,0,0,0,0,0,,
bothell/2005/19.txt,102nd / Riverside,,March 10  2005,16:45-17:00,2,6,53,69,2,1,4,13,0,0,1,5,0,0,0,0,0,0,0,0,,
bothell/2005/19.txt,102nd / Riverside,,March 10  2005,17:00-17:15,1,4,52,91,1,2,3,10,0,0,1,7,0,0,1,0,0,0,0,0,,
bothell/2005/19.txt,102nd / Riverside,,March 10  2005,17:15-17:30,1,2,49,96,0,0,4,8,0,0,0,0,0,0,0,0,0,0,0,0,,
bothell/2005/19.txt,102nd / Riverside,,March 10  2005,17:30-17:45,2,1,61,105,3,1,3,2,0,0,1,2,0,0,0,0,0,0,0,0,,
bothell/2005/19.txt,102nd / Riverside,,March 10  2005,17:45-18:00,2,0,47,105,0,0,0,2,0,0,0,3,0,0,0,0,0,0,0,0,,
bothell/2005/19.txt,102nd / Riverside,,March 10  2005,18:00-18:15,1,1,36,66,0,1,3,8,0,0,0,2,0,0,0,0,0,0,0,0,,
bothell/2005/19.txt,102nd / Riverside,,March 10  2005,18:15-18:30,2,2,33,60,1,0,0,3,0,1,0,2,0,0,0,0,0,0,0,0,,
bothell/2005/20.txt,Kayser / SR522,,March 15  2005,15:30-15:45,0,1,37,62,325,4,0,1,0,0,286,12,0,0,0,0,0,0,0,0,,
bothell/2005/20.txt,Kayser / SR522,,March 15  2005,15:45-16:00,0,1,41,56,331,2,0,0,1,0,294,17,0,0,0,0,0,0,0,0,,
bothell/2005/20.txt,Kayser / SR522,,March 15  2005,16:00-16:15,3,2,33,86,332,3,0,1,1,0,302,25,0,0,0,0,0,0,0,0,,
bothell/2005/20.txt,Kayser / SR522,,March 15  2005,16:15-16:30,2,1,61,58,337,5,1,0,3,0,311,7,0,0,0,0,0,0,0,0,,
bothell/2005/20.txt,Kayser / SR522,,March 15  2005,16:30-16:45,0,0,60,61,331,0,2,1,0,1,281,10,0,1,1,0,0,0,0,0,,
bothell/2005/20.txt,Kayser / SR522,,March 15  2005,16:45-17:00,1,0,51,57,305,0,0,0,0,1,264,20,0,0,0,0,0,0,0,0,,
bothell/2005/20.txt,Kayser / SR522,,March 15  2005,17:00-17:15,2,2,62,90,398,1,0,0,0,0,284,4,0,0,0,0,0,0,0,0,,
bothell/2005/20.txt,Kayser / SR522,,March 15  2005,17:15-17:30,0,0,66,97,357,6,3,0,2,0,277,6,0,0,0,0,0,0,0,0,,
bothell/2005/20.txt,Kayser / SR522,,March 15  2005,17:30-17:45,3,0,66,90,345,1,3,1,2,0,279,9,0,0,0,0,0,0,0,0,,
bothell/2005/20.txt,Kayser / SR522,,March 15  2005,17:45-18:00,4,2,51,72,329,3,1,0,1,0,256,6,0,0,0,0,0,0,0,0,,
bothell/2005/20.txt,Kayser / SR522,,March 15  2005,18:00-18:15,0,2,64,81,331,1,1,0,0,0,264,1,0,0,0,0,0,0,0,0,,
bothell/2005/20.txt,Kayser / SR522,,March 15  2005,18:15-18:30,1,1,56,74,318,1,1,0,0,0,254,0,0,0,0,0,0,0,0,0,,
bothell/2005/21.txt,132nd / 180th,,March 17  2005,15:30-15:45,9,53,8,,,,,86,75,88,,,2,0,,0,0,,0,0,,
bothell/2005/21.txt,132nd / 180th,,March 17  2005,15:45-16:00,12,52,9,,,,,96,84,99,,,1,0,,0,0,,0,0,,
bothell/2005/21.txt,132nd / 180th,,March 17  2005,16:00-16:15,11,66,5,,,,,110,97,94,,,0,0,,0,0,,0,0,,
bothell/2005/21.txt,132nd / 180th,,March 17  2005,16:15-16:30,12,62,7,,,,,108,97,91,,,2,0,,0,0,,0,0,,
bothell/2005/21.txt,132nd / 180th,,March 17  2005,16:30-16:45,10,49,13,,,,,112,102,98,,,2,0,,0,0,,0,0,,
bothell/2005/21.txt,132nd / 180th,,March 17  2005,16:45-17:00,6,78,5,,,,,142,111,96,,,0,0,,0,0,,0,0,,
bothell/2005/21.txt,132nd / 180th,,March 17  2005,17:00-17:15,16,76,8,,,,,128,113,126,,,1,0,,0,0,,0,0,,
bothell/2005/21.txt,132nd / 180th,,March 17  2005,17:15-17:30,12,75,8,,,,,143,104,112,,,0,0,,0,0,,0,0,,
bothell/2005/21.txt,132nd / 180th,,March 17  2005,17:30-17:45,11,57,4,,,,,123,114,96,,,2,0,,0,0,,0,0,,
bothell/2005/21.txt,132nd / 180th,,March 17  2005,17:45-18:00,11,60,5,,,,,128,102,74,,,0,0,,0,0,,0,0,,
bothell/2005/21.txt,132nd / 180th,,March 17  2005,18:00-18:15,11,69,10,,,,,149,94,92,,,7,0,,0,0,,0,0,,
bothell/2005/21.txt,132nd / 180th,,March 17  2005,18:15-18:30,9,45,5,,,,,137,77,71,,,1,0,,0,0,,0,0,,
bothell/2005/22.txt,132nd / SR 522 Eb Ramps,,March 17  2005,15:30-15:45,,108,60,,,,79,328,29,210,17,,0,1,,0,0,,0,0,,
bothell/2005/22.txt,132nd / SR 522 Eb Ramps,,March 17  2005,15:45-16:00,,109,68,,,,55,325,22,238,1,,2,0,,0,0,,0,0,,
bothell/2005/22.txt,132nd / SR 522 Eb Ramps,,March 17  2005,16:00-16:15,,78,66,,,,52,391,26,208,0,,1,0,,0,0,,0,0,,
bothell/2005/22.txt,132nd / SR 522 Eb Ramps,,March 17  2005,16:15-16:30,,119,66,,,,54,336,23,238,0,,2,2,,0,0,,0,0,,
bothell/2005/22.txt,132nd / SR 522 Eb Ramps,,March 17  2005,16:30-16:45,,126,81,,,,52,353,12,261,1,,0,0,,0,0,,0,0,,
bothell/2005/22.txt,132nd / SR 522 Eb Ramps,,March 17  2005,16:45-17:00,,122,68,,,,73,348,12,229,1,,1,0,,0,0,,0,0,,
bothell/2005/22.txt,132nd / SR 522 Eb Ramps,,March 17  2005,17:00-17:15,,116,80,,,,114,388,19,224,0,,1,0,,0,0,,0,0,,
bothell/2005/22.txt,132nd / SR 522 Eb Ramps,,March 17  2005,17:15-17:30,,149,61,,,,61,396,14,232,0,,3,0,,0,0,,0,0,,
bothell/2005/22.txt,132nd / SR 522 Eb Ramps,,March 17  2005,17:30-17:45,,121,67,,,,65,398,18,218,1,,0,0,,0,0,,0,0,,
bothell/2005/22.txt,132nd / SR 522 Eb Ramps,,March 17  2005,17:45-18:00,,118,70,,,,62,385,14,209,0,,2,0,,0,0,,0,0,,
bothell/2005/22.txt,132nd / SR 522 Eb Ramps,,March 17  2005,18:00-18:15,,110,62,,,,50,394,16,163,19,,0,3,,0,0,,0,0,,
bothell/2005/22.txt,132nd / SR 522 Eb Ramps,,March 17  2005,18:15-18:30,,97,65,,,,76,359,6,206,0,,1,0,,0,0,,0,0,,
bothell/2005/23.txt,Brickyard / Woodinville,,March 14  2005,15:30-15:45,7,21,,,,,38,,26,,54,32,0,,0,0,,0,0,0,,
bothell/2005/23.txt,Brickyard / Woodinville,,March 14  2005,15:45-16:00,5,24,,,,,32,,21,,59,36,0,,0,0,,0,0,0,,
bothell/2005/23.txt,Brickyard / Woodinville,,March 14  2005,16:00-16:15,7,32,,,,,36,,20,,61,38,0,,0,0,,0,0,0,,
bothell/2005/23.txt,Brickyard / Woodinville,,March 14  2005,16:15-16:30,5,27,,,,,32,,27,,48,31,0,,0,0,,0,0,0,,
bothell/2005/23.txt,Brickyard / Woodinville,,March 14  2005,16:30-16:45,11,22,,,,,34,,21,,49,39,0,,0,0,,0,0,0,,
bothell/2005/23.txt,Brickyard / Woodinville,,March 14  2005,16:45-17:00,9,27,,,,,37,,29,,46,31,0,,0,0,,0,0,0,,
bothell/2005/23.txt,Brickyard / Woodinville,,March 14  2005,17:00-17:15,12,18,,,,,37,,30,,68,37,0,,0,0,,0,0,0,,
bothell/2005/23.txt,Brickyard / Woodinville,,March 14  2005,17:15-17:30,12,31,,,,,36,,21,,56,23,0,,0,0,,0,0,0,,
bothell/2005/23.txt,Brickyard / Woodinville,,March 14  2005,17:30-17:45,10,34,,,,,20,,28,,53,34,0,,0,0,,0,0,0,,
bothell/2005/23.txt,Brickyard / Woodinville,,March 14  2005,17:45-18:00,5,20,,,,,35,,16,,46,25,0,,0,0,,0,0,0,,
bothell/2005/23.txt,Brickyard / Woodinville,,March 14  2005,18:00-18:15,6,18,,,,,21,,22,,51,24,0,,0,0,,0,0,0,,
bothell/2005/23.txt,Brickyard / Woodinville,,March 14  2005,18:15-18:30,5,14,,,,,22,,14,,43,19,0,,0,0,,0,0,0,,
bothell/2005/24.txt,100th / 145th,,March 10  2005,15:30-15:45,,40,,,,,60,92,17,19,,74,,0,0,0,0,0,0,,,
bothell/2005/24.txt,100th / 145th,,March 10  2005,15:45-16:00,,48,,,,,65,106,14,30,,110,,0,1,0,0,0,0,,,
bothell/2005/24.txt,100th / 145th,,March 10  2005,16:00-16:15,,53,,,,,61,123,13,30,,90,,0,0,0,0,0,0,,,
bothell/2005/24.txt,100th / 145th,,March 10  2005,16:15-16:30,,47,,,,,76,161,16,35,,127,,0,0,0,0,0,0,,,
bothell/2005/24.txt,100th / 145th,,March 10  2005,16:30-16:45,,59,,,,,79,143,20,39,,86,,0,1,0,0,0,0,,,
bothell/2005/24.txt,100th / 145th,,March 10  2005,16:45-17:00,,56,,,,,66,127,22,38,,96,,0,0,0,0,0,0,,,
bothell/2005/24.txt,100th / 145th,,March 10  2005,17:00-17:15,,53,,,,,83,134,18,39,,93,,0,0,0,0,0,0,,,
bothell/2005/24.txt,100th / 145th,,March 10  2005,17:15-17:30,,60,,,,,103,147,20,44,,127,,0,0,0,0,0,0,,,
bothell/2005/24.txt,100th / 145th,,March 10  2005,17:30-17:45,,58,,,,,101,152,24,38,,122,,0,1,0,0,0,0,,,
bothell/2005/24.txt,100th / 145th,,March 10  2005,17:45-18:00,,56,,,,,101,161,24,45,,111,,0,1,0,0,0,0,,,
bothell/2005/24.txt,100th / 145th,,March 10  2005,18:00-18:15,,68,,,,,72,131,24,44,,111,,0,0,0,0,0,0,,,
bothell/2005/24.txt,100th / 145th,,March 10  2005,18:15-18:30,,50,,,,,104,112,41,43,,123,,0,1,0,0,0,0,,,
bothell/2005/26.txt,9th / SR524,,March 09  2005,15:30-15:45,0,16,13,16,159,26,24,23,26,13,144,1,0,0,0,0,0,0,0,0,,
bothell/2005/26.txt,9th / SR524,,March 09  2005,15:45-16:00,0,14,11,11,154,21,29,21,19,10,134,1,0,0,0,0,0,0,0,0,,
bothell/2005/26.txt,9th / SR524,,March 09  2005,16:00-16:15,0,13,9,14,158,19,27,19,21,11,133,1,0,0,0,0,0,0,0,0,,
bothell/2005/26.txt,9th / SR524,,March 09  2005,16:15-16:30,0,9,11,12,145,22,31,19,27,20,129,2,0,0,0,0,0,0,0,0,,
bothell/2005/26.txt,9th / SR524,,March 09  2005,16:30-16:45,0,14,18,13,139,20,46,27,28,18,148,1,0,0,0,0,0,0,0,0,,
bothell/2005/26.txt,9th / SR524,,March 09  2005,16:45-17:00,2,12,16,22,178,13,41,33,42,20,144,1,0,1,0,0,0,0,0,0,,
bothell/2005/26.txt,9th / SR524,,March 09  2005,17:00-17:15,0,11,21,24,154,20,42,21,37,11,139,0,0,0,0,0,0,0,0,0,,
bothell/2005/26.txt,9th / SR524,,March 09  2005,17:15-17:30,0,6,16,22,154,24,47,23,40,27,128,0,0,0,0,0,2,0,0,0,,
bothell/2005/26.txt,9th / SR524,,March 09  2005,17:30-17:45,0,6,13,13,144,24,32,19,39,19,128,0,0,0,0,0,1,0,0,0,,
bothell/2005/26.txt,9th / SR524,,March 09  2005,17:45-18:00,1,11,11,10,154,23,37,28,39,19,136,1,0,0,0,0,0,0,0,0,,
bothell/2005/26.txt,9th / SR524,,March 09  2005,18:00-18:15,1,10,10,11,152,19,35,24,41,16,122,0,0,0,0,0,0,0,0,0,,
bothell/2005/26.txt,9th / SR524,,March 09  2005,18:15-18:30,0,13,8,10,141,20,31,16,32,14,114,0,0,0,0,0,0,0,0,0,,
bothell/2005/27.txt,Meridian / 228th,,March 14  2005,15:30-15:45,1,7,24,48,95,29,44,20,43,30,84,2,0,0,0,0,0,0,0,0,,
bothell/2005/27.txt,Meridian / 228th,,March 14  2005,15:45-16:00,3,11,20,30,135,26,42,20,40,18,103,0,0,0,0,0,0,0,0,0,,
bothell/2005/27.txt,Meridian / 228th,,March 14  2005,16:00-16:15,4,13,20,30,140,38,43,24,38,19,132,0,0,0,0,0,0,0,0,0,,
bothell/2005/27.txt,Meridian / 228th,,March 14  2005,16:15-16:30,6,6,24,37,130,32,39,27,53,19,110,2,0,0,0,0,0,0,0,0,,
bothell/2005/27.txt,Meridian / 228th,,March 14  2005,16:30-16:45,0,12,31,41,155,31,47,23,49,25,152,5,0,0,0,0,0,0,0,0,,
bothell/2005/27.txt,Meridian / 228th,,March 14  2005,16:45-17:00,2,5,17,36,159,30,55,27,49,19,126,1,0,0,0,0,0,0,0,0,,
bothell/2005/27.txt,Meridian / 228th,,March 14  2005,17:00-17:15,2,14,24,49,163,30,64,35,70,22,137,1,0,0,0,0,0,0,0,0,,
bothell/2005/27.txt,Meridian / 228th,,March 14  2005,17:15-17:30,2,15,18,40,186,34,40,34,56,26,127,2,0,1,0,0,1,0,0,0,,
bothell/2005/27.txt,Meridian / 228th,,March 14  2005,17:30-17:45,1,17,20,40,171,33,53,35,69,29,151,0,0,0,0,0,0,0,0,0,,
bothell/2005/27.txt,Meridian / 228th,,March 14  2005,17:45-18:00,2,17,25,55,178,39,48,30,59,27,97,2,1,0,0,2,0,0,0,0,,
bothell/2005/27.txt,Meridian / 228th,,March 14  2005,18:00-18:15,12,5,30,44,152,36,48,28,54,23,133,2,0,1,0,0,0,0,0,0,,
bothell/2005/27.txt,Meridian / 228th,,March 14  2005,18:15-18:30,0,10,18,41,149,30,55,23,38,36,81,0,0,0,0,0,0,0,0,0,,
bothell/2005/28.txt,4th / 228th,,March 14  2005,15:30-15:45,,143,4,,,,2,,13,12,175,,0,0,0,,0,0,,0,,
bothell/2005/28.txt,4th / 228th,,March 14  2005,15:45-16:00,,142,5,,,,2,,12,14,180,,0,1,1,,0,0,,0,,
bothell/2005/28.txt,4th / 228th,,March 14  2005,16:00-16:15,,137,0,,,,2,,11,13,170,,0,0,0,,1,0,,0,,
bothell/2005/28.txt,4th / 228th,,March 14  2005,16:15-16:30,,151,5,,,,2,,17,18,183,,0,0,0,,0,0,,0,,
bothell/2005/28.txt,4th / 228th,,March 14  2005,16:30-16:45,,181,5,,,,1,,26,30,203,,0,0,0,,0,0,,0,,
bothell/2005/28.txt,4th / 228th,,March 14  2005,16:45-17:00,,165,4,,,,4,,18,26,210,,0,0,0,,0,0,,0,,
bothell/2005/28.txt,4th / 228th,,March 14  2005,17:00-17:15,,171,7,,,,2,,15,17,218,,0,1,0,,0,0,,0,,
bothell/2005/28.txt,4th / 228th,,March 14  2005,17:15-17:30,,161,3,,,,2,,13,27,218,,0,0,0,,0,0,,0,,
bothell/2005/28.txt,4th / 228th,,March 14  2005,17:30-17:45,,177,3,,,,2,,13,24,203,,1,0,0,,0,0,,0,,
bothell/2005/28.txt,4th / 228th,,March 14  2005,17:45-18:00,,145,4,,,,3,,14,24,210,,0,0,0,,0,0,,0,,
bothell/2005/28.txt,4th / 228th,,March 14  2005,18:00-18:15,,135,2,,,,0,,12,22,206,,0,0,0,,0,0,,0,,
bothell/2005/28.txt,4th / 228th,,March 14  2005,18:15-18:30,,117,2,,,,0,,11,18,195,,0,0,0,,0,0,,0,,
bothell/2005/29.txt,35th / 228th,,March 10  2005,15:30-15:45,0,0,0,0,97,18,58,0,55,12,93,0,0,0,0,0,0,0,0,0,,
bothell/2005/29.txt,35th / 228th,,March 10  2005,15:45-16:00,0,0,0,0,95,17,65,0,60,13,102,0,0,0,0,0,0,0,0,0,,
bothell/2005/29.txt,35th / 228th,,March 10  2005,16:00-16:15,1,0,0,1,92,14,58,0,58,14,110,0,0,0,0,0,0,0,0,0,,
bothell/2005/29.txt,35th / 228th,,March 10  2005,16:15-16:30,0,0,0,0,94,10,60,0,45,21,102,0,0,0,0,0,0,0,0,0,,
bothell/2005/29.txt,35th / 228th,,March 10  2005,16:30-16:45,0,0,0,0,114,7,94,0,55,20,124,0,0,0,0,0,0,0,0,0,,
bothell/2005/29.txt,35th / 228th,,March 10  2005,16:45-17:00,1,0,0,0,107,11,86,0,58,21,131,1,0,0,0,0,0,0,0,0,,
bothell/2005/29.txt,35th / 228th,,March 10  2005,17:00-17:15,0,0,0,0,116,9,121,0,60,22,161,0,0,0,0,0,0,0,0,0,,
bothell/2005/29.txt,35th / 228th,,March 10  2005,17:15-17:30,0,0,0,0,122,14,110,0,70,22,139,0,0,0,0,0,0,0,0,0,,
bothell/2005/29.txt,35th / 228th,,March 10  2005,17:30-17:45,0,1,0,0,92,14,62,0,39,31,134,0,0,0,1,0,0,0,0,0,,
bothell/2005/29.txt,35th / 228th,,March 10  2005,17:45-18:00,0,0,0,0,87,9,75,0,63,30,126,1,0,0,0,0,0,0,0,0,,
bothell/2005/29.txt,35th / 228th,,March 10  2005,18:00-18:15,0,0,0,0,90,6,79,0,65,29,128,0,0,0,0,0,0,0,0,0,,
bothell/2005/29.txt,35th / 228th,,March 10  2005,18:15-18:30,0,0,0,0,90,7,70,0,58,26,124,0,0,0,0,0,0,0,0,0,,
bothell/2005/30.txt,31st / 228th,,March 10  2005,15:30-15:45,2,0,1,1,154,0,0,0,0,1,146,14,0,0,0,1,0,0,0,0,,
bothell/2005/30.txt,31st / 228th,,March 10  2005,15:45-16:00,4,0,0,5,155,0,0,0,1,0,151,12,0,1,0,0,0,0,0,0,,
bothell/2005/30.txt,31st / 228th,,March 10  2005,16:00-16:15,4,0,1,1,150,2,0,0,0,1,145,11,0,1,0,0,0,0,0,0,,
bothell/2005/30.txt,31st / 228th,,March 10  2005,16:15-16:30,4,0,1,5,141,0,0,0,2,0,161,16,0,0,0,3,0,0,0,0,,
bothell/2005/30.txt,31st / 228th,,March 10  2005,16:30-16:45,8,0,1,12,151,0,0,0,5,1,139,18,0,0,0,0,0,0,0,0,,
bothell/2005/30.txt,31st / 228th,,March 10  2005,16:45-17:00,16,0,0,4,178,0,0,0,1,0,149,22,0,0,0,0,1,0,0,0,,
bothell/2005/30.txt,31st / 228th,,March 10  2005,17:00-17:15,15,1,1,7,171,0,0,0,1,2,176,25,0,2,0,0,2,0,0,0,,
bothell/2005/30.txt,31st / 228th,,March 10  2005,17:15-17:30,14,0,2,6,156,0,0,0,2,1,150,15,0,4,0,0,1,0,0,0,,
bothell/2005/30.txt,31st / 228th,,March 10  2005,17:30-17:45,10,0,1,1,135,0,0,0,2,1,152,16,0,1,0,0,1,0,0,0,,
bothell/2005/30.txt,31st / 228th,,March 10  2005,17:45-18:00,8,0,2,13,148,0,0,0,0,0,135,15,0,1,0,0,0,0,0,0,,
bothell/2005/30.txt,31st / 228th,,March 10  2005,18:00-18:15,9,0,1,10,131,0,0,0,0,1,131,12,0,0,0,0,1,0,0,0,,
bothell/2005/30.txt,31st / 228th,,March 10  2005,18:15-18:30,7,0,1,1,127,0,0,0,1,0,124,9,0,0,0,0,0,0,1,0,,
bothell/2005/31.txt,Fitzgerald / 228th,,March 03  2005,07:00-07:15,72,97,,,,,2,0,34,,92,14,0,,0,0,,0,0,0,,
bothell/2005/31.txt,Fitzgerald / 228th,,March 03  2005,07:15-07:30,100,105,,,,,4,0,26,,111,18,0,,0,0,,0,0,0,,
bothell/2005/31.txt,Fitzgerald / 228th,,March 03  2005,07:30-07:45,94,146,,,,,2,0,31,,106,19,0,,0,0,,0,0,0,,
bothell/2005/31.txt,Fitzgerald / 228th,,March 03  2005,07:45-08:00,97,143,,,,,4,0,26,,99,22,0,,0,0,,0,0,0,,
bothell/2005/31.txt,Fitzgerald / 228th,,March 03  2005,08:00-08:15,86,115,,,,,6,0,21,,108,19,0,,0,0,,0,1,0,,
bothell/2005/31.txt,Fitzgerald / 228th,,March 03  2005,08:15-08:30,74,101,,,,,3,0,21,,114,16,0,,0,0,,0,0,0,,
bothell/2005/31.txt,Fitzgerald / 228th,,March 03  2005,08:30-08:45,55,99,,,,,3,0,38,,116,14,0,,0,0,,0,0,0,,
bothell/2005/31.txt,Fitzgerald / 228th,,March 03  2005,08:45-09:00,57,97,,,,,2,0,32,,110,17,0,,0,0,,0,0,0,,
bothell/2005/32.txt,SR527 / 214th,,March 09  2005,15:30-15:45,1,225,9,44,1,3,2,478,3,2,1,0,0,0,0,0,0,0,0,0,,
bothell/2005/32.txt,SR527 / 214th,,March 09  2005,15:45-16:00,0,275,19,43,0,2,1,497,5,1,0,1,1,0,0,0,0,0,0,0,,
bothell/2005/32.txt,SR527 / 214th,,March 09  2005,16:00-16:15,2,273,11,84,1,14,3,486,1,2,0,2,0,0,1,0,0,0,0,0,,
bothell/2005/32.txt,SR527 / 214th,,March 09  2005,16:15-16:30,1,295,7,70,1,6,4,542,2,1,0,0,0,0,0,0,0,0,0,0,,
bothell/2005/32.txt,SR527 / 214th,,March 09  2005,16:30-16:45,1,281,13,112,0,25,1,564,0,7,1,3,0,0,0,1,0,0,2,2,,
bothell/2005/32.txt,SR527 / 214th,,March 09  2005,16:45-17:00,4,305,7,93,0,24,4,544,0,5,0,3,0,0,0,0,0,3,0,0,,
bothell/2005/32.txt,SR527 / 214th,,March 09  2005,17:00-17:15,5,275,10,138,4,47,2,509,1,3,0,3,1,0,0,0,0,0,0,0,,
bothell/2005/32.txt,SR527 / 214th,,March 09  2005,17:15-17:30,7,301,15,133,0,47,0,545,2,3,1,3,0,0,0,0,0,0,0,0,,
bothell/2005/32.txt,SR527 / 214th,,March 09  2005,17:30-17:45,7,294,7,92,0,22,0,583,1,4,1,6,1,0,1,0,0,1,0,0,,
bothell/2005/32.txt,SR527 / 214th,,March 09  2005,17:45-18:00,2,280,10,63,0,12,1,539,2,2,0,2,0,0,0,0,0,0,0,0,,
bothell/2005/32.txt,SR527 / 214th,,March 09  2005,18:00-18:15,1,271,10,71,1,4,1,481,1,3,0,3,0,0,0,0,0,0,0,0,,
bothell/2005/32.txt,SR527 / 214th,,March 09  2005,18:15-18:30,2,261,8,47,0,2,0,511,4,1,0,1,0,0,0,0,0,0,0,0,,
bothell/2005/33.txt,SR527 / Nb Ramps,,March 09  2005,15:30-15:45,200,301,,,,,176,217,,237,1,101,0,0,0,0,0,0,0,0,,
bothell/2005/33.txt,SR527 / Nb Ramps,,March 09  2005,15:45-16:00,202,324,,,,,159,238,,299,0,87,0,0,0,0,0,1,0,0,,
bothell/2005/33.txt,SR527 / Nb Ramps,,March 09  2005,16:00-16:15,224,328,,,,,212,202,,265,2,94,0,0,1,0,0,0,0,0,,
bothell/2005/33.txt,SR527 / Nb Ramps,,March 09  2005,16:15-16:30,216,335,,,,,167,258,,282,1,80,0,0,0,0,0,1,0,0,,
bothell/2005/33.txt,SR527 / Nb Ramps,,March 09  2005,16:30-16:45,220,401,,,,,207,206,,224,3,81,1,0,0,0,0,0,0,0,,
bothell/2005/33.txt,SR527 / Nb Ramps,,March 09  2005,16:45-17:00,188,360,,,,,164,275,,258,1,90,1,0,0,0,0,0,0,0,,
bothell/2005/33.txt,SR527 / Nb Ramps,,March 09  2005,17:00-17:15,187,419,,,,,162,284,,274,1,89,0,0,0,0,0,1,0,0,,
bothell/2005/33.txt,SR527 / Nb Ramps,,March 09  2005,17:15-17:30,214,395,,,,,156,334,,277,2,115,0,0,0,0,0,1,0,0,,
bothell/2005/33.txt,SR527 / Nb Ramps,,March 09  2005,17:30-17:45,235,400,,,,,129,283,,308,1,104,0,0,0,0,0,1,0,0,,
bothell/2005/33.txt,SR527 / Nb Ramps,,March 09  2005,17:45-18:00,154,398,,,,,86,305,,252,2,119,0,0,0,0,0,0,0,0,,
bothell/2005/33.txt,SR527 / Nb Ramps,,March 09  2005,18:00-18:15,144,374,,,,,97,286,,251,2,104,0,0,0,0,0,0,0,0,,
bothell/2005/33.txt,SR527 / Nb Ramps,,March 09  2005,18:15-18:30,95,371,,,,,104,290,,231,1,97,0,0,0,0,0,0,0,0,,
bothell/2005/34.txt,SR527 / 220th,,March 09  2005,15:30-15:45,0,264,15,30,1,197,30,398,4,59,8,18,0,0,0,0,0,0,0,0,,
bothell/2005/34.txt,SR527 / 220th,,March 09  2005,15:45-16:00,0,272,11,24,2,204,41,411,5,64,6,24,0,1,0,0,0,0,0,0,,
bothell/2005/34.txt,SR527 / 220th,,March 09  2005,16:00-16:15,0,282,16,33,0,214,38,409,8,73,9,25,0,2,0,0,0,0,0,0,,
bothell/2005/34.txt,SR527 / 220th,,March 09  2005,16:15-16:30,0,312,11,30,2,208,67,471,5,43,7,16,0,0,0,0,0,0,0,0,,
bothell/2005/34.txt,SR527 / 220th,,March 09  2005,16:30-16:45,0,262,21,44,4,238,44,463,9,83,3,20,0,1,0,0,0,0,0,0,,
bothell/2005/34.txt,SR527 / 220th,,March 09  2005,16:45-17:00,0,293,21,34,3,209,66,465,8,53,8,14,0,1,0,0,0,0,0,0,,
bothell/2005/34.txt,SR527 / 220th,,March 09  2005,17:00-17:15,0,297,25,35,4,224,44,495,3,96,3,40,0,3,0,0,0,0,0,0,,
bothell/2005/34.txt,SR527 / 220th,,March 09  2005,17:15-17:30,0,309,48,45,1,239,58,560,9,70,4,27,0,0,0,0,0,0,0,0,,
bothell/2005/34.txt,SR527 / 220th,,March 09  2005,17:30-17:45,0,272,27,43,2,223,36,555,12,70,1,18,0,2,0,0,0,0,0,0,,
bothell/2005/34.txt,SR527 / 220th,,March 09  2005,17:45-18:00,0,256,25,36,2,218,29,520,11,55,2,9,0,3,0,0,0,0,0,0,,
bothell/2005/34.txt,SR527 / 220th,,March 09  2005,18:00-18:15,0,242,24,38,2,221,28,504,10,59,2,10,0,0,0,0,0,0,0,0,,
bothell/2005/34.txt,SR527 / 220th,,March 09  2005,18:15-18:30,0,219,19,26,1,204,24,487,5,46,1,11,0,1,0,0,0,0,0,0,,
bothell/2005/35.txt,SR527 / Sb Ramps,,March 09  2005,15:30-15:45,179,220,68,,,,76,321,,111,0,,0,0,0,0,0,0,0,0,,
bothell/2005/35.txt,SR527 / Sb Ramps,,March 09  2005,15:45-16:00,182,230,72,,,,81,319,,120,1,,0,0,0,0,0,0,0,0,,
bothell/2005/35.txt,SR527 / Sb Ramps,,March 09  2005,16:00-16:15,183,241,81,,,,84,338,,117,0,,0,0,0,0,0,0,0,0,,
bothell/2005/35.txt,SR527 / Sb Ramps,,March 09  2005,16:15-16:30,174,240,83,,,,82,330,,149,3,,0,0,0,0,0,0,0,0,,
bothell/2005/35.txt,SR527 / Sb Ramps,,March 09  2005,16:30-16:45,204,278,88,,,,101,320,,133,1,,0,0,0,0,0,0,0,0,,
bothell/2005/35.txt,SR527 / Sb Ramps,,March 09  2005,16:45-17:00,231,218,83,,,,95,355,,146,0,,1,0,0,0,0,0,0,0,,
bothell/2005/35.txt,SR527 / Sb Ramps,,March 09  2005,17:00-17:15,220,296,77,,,,105,364,,131,0,,0,0,1,0,0,0,0,0,,
bothell/2005/35.txt,SR527 / Sb Ramps,,March 09  2005,17:15-17:30,225,285,110,,,,96,388,,141,5,,0,0,0,1,0,0,0,0,,
bothell/2005/35.txt,SR527 / Sb Ramps,,March 09  2005,17:30-17:45,248,252,89,,,,102,324,,170,0,,0,0,0,0,0,0,0,0,,
bothell/2005/35.txt,SR527 / Sb Ramps,,March 09  2005,17:45-18:00,257,258,61,,,,80,286,,150,0,,0,0,0,0,0,0,0,0,,
bothell/2005/35.txt,SR527 / Sb Ramps,,March 09  2005,18:00-18:15,253,230,57,,,,89,350,,120,2,,0,0,0,0,0,0,0,0,,
bothell/2005/35.txt,SR527 / Sb Ramps,,March 09  2005,18:15-18:30,209,266,84,,,,74,334,,132,1,,0,0,1,3,0,0,0,0,,
bothell/2005/37.txt,9th / 228th,,March 15  2005,15:30-15:45,,142,45,,,,20,,24,60,164,,0,0,0,,0,0,,0,,
bothell/2005/37.txt,9th / 228th,,March 15  2005,15:45-16:00,,158,46,,,,19,,32,66,160,,0,0,0,,0,0,,0,,
bothell/2005/37.txt,9th / 228th,,March 15  2005,16:00-16:15,,150,48,,,,23,,35,64,161,,0,0,0,,0,0,,0,,
bothell/2005/37.txt,9th / 228th,,March 15  2005,16:15-16:30,,154,52,,,,29,,49,62,178,,0,0,0,,0,0,,0,,
bothell/2005/37.txt,9th / 228th,,March 15  2005,16:30-16:45,,152,61,,,,22,,30,78,218,,0,0,0,,0,0,,0,,
bothell/2005/37.txt,9th / 228th,,March 15  2005,16:45-17:00,,173,56,,,,20,,37,73,236,,1,0,0,,0,0,,0,,
bothell/2005/37.txt,9th / 228th,,March 15  2005,17:00-17:15,,155,62,,,,19,,32,77,246,,0,0,0,,0,0,,0,,
bothell/2005/37.txt,9th / 228th,,March 15  2005,17:15-17:30,,165,42,,,,20,,42,90,251,,0,0,0,,0,0,,0,,
bothell/2005/37.txt,9th / 228th,,March 15  2005,17:30-17:45,,167,39,,,,18,,35,79,228,,0,0,0,,0,0,,0,,
bothell/2005/37.txt,9th / 228th,,March 15  2005,17:45-18:00,,159,35,,,,15,,45,84,226,,0,0,0,,0,0,,0,,
bothell/2005/37.txt,9th / 228th,,March 15  2005,18:00-18:15,,164,35,,,,16,,32,82,218,,0,0,0,,0,0,,0,,
bothell/2005/37.txt,9th / 228th,,March 15  2005,18:15-18:30,,147,37,,,,12,,29,72,209,,0,0,0,,0,0,,0,,
bothell/2005/38.txt,4th / 228th,,March 15  2005,15:30-15:45,1,0,13,12,170,0,0,0,0,0,164,0,0,0,0,0,0,0,0,0,,
bothell/2005/38.txt,4th / 228th,,March 15  2005,15:45-16:00,1,0,10,16,191,0,0,0,0,0,161,0,0,1,0,0,0,0,0,0,,
bothell/2005/38.txt,4th / 228th,,March 15  2005,16:00-16:15,2,0,11,13,179,2,0,0,1,1,157,0,0,0,0,0,0,0,0,0,,
bothell/2005/38.txt,4th / 228th,,March 15  2005,16:15-16:30,2,0,17,18,193,2,2,0,0,0,173,5,0,0,0,0,0,0,0,0,,
bothell/2005/38.txt,4th / 228th,,March 15  2005,16:30-16:45,1,0,26,30,214,3,1,0,0,2,208,5,0,0,0,0,1,0,0,0,,
bothell/2005/38.txt,4th / 228th,,March 15  2005,16:45-17:00,4,0,18,26,221,0,0,0,2,0,189,4,0,0,0,0,0,0,0,0,,
bothell/2005/38.txt,4th / 228th,,March 15  2005,17:00-17:15,2,0,15,17,229,0,1,0,0,2,196,7,0,2,0,0,0,0,0,0,,
bothell/2005/38.txt,4th / 228th,,March 15  2005,17:15-17:30,2,0,13,27,229,1,0,0,0,1,184,3,0,0,0,0,0,0,0,0,,
bothell/2005/38.txt,4th / 228th,,March 15  2005,17:30-17:45,2,0,13,24,214,0,0,0,1,1,202,3,0,0,0,0,1,0,0,0,,
bothell/2005/38.txt,4th / 228th,,March 15  2005,17:45-18:00,3,0,14,24,221,1,2,0,0,0,166,4,0,0,0,0,0,0,0,0,,
bothell/2005/38.txt,4th / 228th,,March 15  2005,18:00-18:15,0,0,12,26,211,0,0,0,0,0,174,2,0,0,0,0,0,0,0,0,,
bothell/2005/38.txt,4th / 228th,,March 15  2005,18:15-18:30,0,0,9,19,199,0,1,0,0,0,153,2,0,0,0,0,0,0,0,0,,
bothell/2005/39.txt,15th / 228th,,March 14  2005,15:30-15:45,27,13,26,18,218,14,6,9,24,21,130,19,0,0,0,0,0,0,0,0,,
bothell/2005/39.txt,15th / 228th,,March 14  2005,15:45-16:00,31,11,23,23,202,11,8,8,27,25,131,18,0,0,0,1,0,0,0,0,,
bothell/2005/39.txt,15th / 228th,,March 14  2005,16:00-16:15,32,11,24,21,209,10,8,10,29,27,149,17,0,0,0,0,0,0,0,0,,
bothell/2005/39.txt,15th / 228th,,March 14  2005,16:15-16:30,38,12,23,19,211,12,7,9,30,24,148,19,0,0,0,1,0,0,0,0,,
bothell/2005/39.txt,15th / 228th,,March 14  2005,16:30-16:45,33,14,33,32,238,8,10,6,33,29,166,28,0,0,2,4,0,0,0,0,,
bothell/2005/39.txt,15th / 228th,,March 14  2005,16:45-17:00,43,14,23,34,223,14,11,6,36,21,159,16,4,1,2,3,0,0,0,0,,
bothell/2005/39.txt,15th / 228th,,March 14  2005,17:00-17:15,25,13,37,25,267,20,14,11,45,26,159,27,1,1,6,1,0,0,0,0,,
bothell/2005/39.txt,15th / 228th,,March 14  2005,17:15-17:30,41,9,39,41,231,21,13,7,38,30,173,27,3,0,0,6,0,0,0,0,,
bothell/2005/39.txt,15th / 228th,,March 14  2005,17:30-17:45,38,15,25,34,221,19,9,9,52,25,168,19,0,0,3,1,0,0,0,0,,
bothell/2005/39.txt,15th / 228th,,March 14  2005,17:45-18:00,31,8,33,33,213,9,8,6,35,32,166,16,0,0,0,0,0,0,0,0,,
bothell/2005/39.txt,15th / 228th,,March 14  2005,18:00-18:15,35,8,29,32,202,10,5,5,42,29,156,15,0,0,0,0,0,0,0,0,,
bothell/2005/39.txt,15th / 228th,,March 14  2005,18:15-18:30,31,7,24,28,184,8,4,7,29,24,144,18,0,0,0,0,0,0,0,0,,
bothell/2005/40.txt,19th / 228th,,March 14  2005,15:30-15:45,37,122,,,,,28,,50,,202,29,0,,0,0,,0,0,0,,
bothell/2005/40.txt,19th / 228th,,March 14  2005,15:45-16:00,38,139,,,,,29,,49,,238,33,0,,0,0,,0,0,0,,
bothell/2005/40.txt,19th / 228th,,March 14  2005,16:00-16:15,39,127,,,,,30,,45,,252,35,2,,0,0,,0,0,0,,
bothell/2005/40.txt,19th / 228th,,March 14  2005,16:15-16:30,41,129,,,,,31,,49,,229,41,0,,1,0,,0,0,0,,
bothell/2005/40.txt,19th / 228th,,March 14  2005,16:30-16:45,36,155,,,,,31,,40,,264,49,0,,0,0,,0,0,0,,
bothell/2005/40.txt,19th / 228th,,March 14  2005,16:45-17:00,42,126,,,,,38,,38,,248,46,1,,2,0,,0,0,0,,
bothell/2005/40.txt,19th / 228th,,March 14  2005,17:00-17:15,43,154,,,,,25,,42,,276,38,3,,2,0,,0,0,0,,
bothell/2005/40.txt,19th / 228th,,March 14  2005,17:15-17:30,42,147,,,,,38,,37,,286,35,0,,0,0,,0,0,0,,
bothell/2005/40.txt,19th / 228th,,March 14  2005,17:30-17:45,52,152,,,,,22,,42,,220,38,0,,0,0,,0,0,0,,
bothell/2005/40.txt,19th / 228th,,March 14  2005,17:45-18:00,47,145,,,,,31,,40,,207,32,0,,0,0,,0,0,0,,
bothell/2005/40.txt,19th / 228th,,March 14  2005,18:00-18:15,53,143,,,,,23,,53,,188,31,1,,0,0,,0,0,0,,
bothell/2005/40.txt,19th / 228th,,March 14  2005,18:15-18:30,58,121,,,,,21,,64,,171,29,0,,0,0,,0,0,0,,
bothell/2005/41.txt,SR527 / 240th,,March 14  2005,15:30-15:45,75,96,50,,,,,149,34,15,,,0,0,,0,0,,0,0,,
bothell/2005/41.txt,SR527 / 240th,,March 14  2005,15:45-16:00,77,108,53,,,,,164,39,11,,,0,0,,0,0,,0,0,,
bothell/2005/41.txt,SR527 / 240th,,March 14  2005,16:00-16:15,80,112,51,,,,,161,35,10,,,0,0,,0,0,,0,0,,
bothell/2005/41.txt,SR527 / 240th,,March 14  2005,16:15-16:30,70,94,47,,,,,169,41,22,,,1,0,,0,0,,0,0,,
bothell/2005/41.txt,SR527 / 240th,,March 14  2005,16:30-16:45,76,92,68,,,,,212,51,19,,,0,1,,0,0,,0,0,,
bothell/2005/41.txt,SR527 / 240th,,March 14  2005,16:45-17:00,83,99,45,,,,,217,50,17,,,0,0,,0,0,,0,0,,
bothell/2005/41.txt,SR527 / 240th,,March 14  2005,17:00-17:15,80,98,52,,,,,241,53,15,,,0,0,,0,0,,0,0,,
bothell/2005/41.txt,SR527 / 240th,,March 14  2005,17:15-17:30,77,101,52,,,,,204,80,22,,,0,0,,0,0,,0,0,,
bothell/2005/41.txt,SR527 / 240th,,March 14  2005,17:30-17:45,94,113,77,,,,,217,70,20,,,0,0,,0,0,,0,0,,
bothell/2005/41.txt,SR527 / 240th,,March 14  2005,17:45-18:00,84,88,59,,,,,207,68,14,,,0,1,,0,0,,0,0,,
bothell/2005/41.txt,SR527 / 240th,,March 14  2005,18:00-18:15,81,95,68,,,,,202,69,15,,,0,0,,0,0,,0,0,,
bothell/2005/41.txt,SR527 / 240th,,March 14  2005,18:15-18:30,73,81,56,,,,,194,63,11,,,0,0,,0,0,,0,0,,
bothell/2005/42.txt,88th/7th / 240th,,March 14  2005,15:30-15:45,4,44,,,,,15,,13,,89,20,0,,0,0,,0,0,0,,
bothell/2005/42.txt,88th/7th / 240th,,March 14  2005,15:45-16:00,2,46,,,,,21,,18,,90,22,0,,0,0,,0,0,0,,
bothell/2005/42.txt,88th/7th / 240th,,March 14  2005,16:00-16:15,1,47,,,,,20,,12,,88,21,0,,0,0,,0,0,0,,
bothell/2005/42.txt,88th/7th / 240th,,March 14  2005,16:15-16:30,11,45,,,,,18,,28,,88,20,1,,0,0,,0,0,0,,
bothell/2005/42.txt,88th/7th / 240th,,March 14  2005,16:30-16:45,3,61,,,,,24,,34,,89,19,0,,0,0,,0,0,0,,
bothell/2005/42.txt,88th/7th / 240th,,March 14  2005,16:45-17:00,11,42,,,,,21,,46,,108,21,0,,0,0,,0,0,0,,
bothell/2005/42.txt,88th/7th / 240th,,March 14  2005,17:00-17:15,11,47,,,,,17,,52,,109,21,0,,0,0,,0,0,0,,
bothell/2005/42.txt,88th/7th / 240th,,March 14  2005,17:15-17:30,10,55,,,,,22,,53,,143,24,0,,1,0,,0,0,0,,
bothell/2005/42.txt,88th/7th / 240th,,March 14  2005,17:30-17:45,8,54,,,,,40,,53,,118,34,0,,0,0,,0,0,0,,
bothell/2005/42.txt,88th/7th / 240th,,March 14  2005,17:45-18:00,12,54,,,,,20,,37,,119,31,0,,0,0,,0,0,0,,
bothell/2005/42.txt,88th/7th / 240th,,March 14  2005,18:00-18:15,10,52,,,,,24,,40,,121,30,0,,0,0,,0,0,0,,
bothell/2005/42.txt,88th/7th / 240th,,March 14  2005,18:15-18:30,11,48,,,,,15,,32,,108,26,0,,0,0,,0,0,0,,
bothell/2005/43.txt,19th / 232nd,,March 14  2005,15:30-15:45,,26,,,,,4,42,28,36,,0,,0,0,0,0,0,0,,,
bothell/2005/43.txt,19th / 232nd,,March 14  2005,15:45-16:00,,29,,,,,2,44,31,42,,2,,0,0,0,0,0,0,,,
bothell/2005/43.txt,19th / 232nd,,March 14  2005,16:00-16:15,,28,,,,,3,46,32,38,,3,,0,0,0,0,0,0,,,
bothell/2005/43.txt,19th / 232nd,,March 14  2005,16:15-16:30,,33,,,,,4,40,40,45,,3,,0,0,0,0,0,0,,,
bothell/2005/43.txt,19th / 232nd,,March 14  2005,16:30-16:45,,39,,,,,2,40,33,34,,1,,0,0,0,0,0,0,,,
bothell/2005/43.txt,19th / 232nd,,March 14  2005,16:45-17:00,,34,,,,,4,49,50,39,,2,,0,1,0,0,0,0,,,
bothell/2005/43.txt,19th / 232nd,,March 14  2005,17:00-17:15,,39,,,,,3,36,39,33,,1,,0,1,0,0,0,0,,,
bothell/2005/43.txt,19th / 232nd,,March 14  2005,17:15-17:30,,32,,,,,2,49,37,34,,0,,0,0,0,0,0,0,,,
bothell/2005/43.txt,19th / 232nd,,March 14  2005,17:30-17:45,,32,,,,,1,32,59,40,,3,,0,0,0,0,0,0,,,
bothell/2005/43.txt,19th / 232nd,,March 14  2005,17:45-18:00,,25,,,,,2,43,35,34,,1,,0,1,0,0,0,0,,,
bothell/2005/43.txt,19th / 232nd,,March 14  2005,18:00-18:15,,31,,,,,3,41,46,44,,0,,0,0,0,0,0,0,,,
bothell/2005/43.txt,19th / 232nd,,March 14  2005,18:15-18:30,,30,,,,,2,34,51,52,,3,,0,0,0,0,0,0,,,
bothell/2005/44.txt,19th / 242nd,,March 14  2005,15:30-15:45,0,19,0,2,1,1,4,32,16,11,0,1,0,0,0,0,0,0,0,0,,
bothell/2005/44.txt,19th / 242nd,,March 14  2005,15:45-16:00,0,24,1,1,0,1,3,36,17,12,0,1,0,0,0,0,0,0,0,0,,
bothell/2005/44.txt,19th / 242nd,,March 14  2005,16:00-16:15,0,27,0,2,1,0,6,40,15,13,0,0,0,1,0,0,1,1,0,0,,
bothell/2005/44.txt,19th / 242nd,,March 14  2005,16:15-16:30,0,25,2,3,1,2,7,36,22,13,1,1,0,0,0,0,0,0,0,0,,
bothell/2005/44.txt,19th / 242nd,,March 14  2005,16:30-16:45,1,27,0,0,0,0,3,30,22,12,0,0,0,0,0,0,0,1,0,0,,
bothell/2005/44.txt,19th / 242nd,,March 14  2005,16:45-17:00,0,25,0,1,1,0,8,41,17,10,0,2,0,0,0,0,2,1,0,0,,
bothell/2005/44.txt,19th / 242nd,,March 14  2005,17:00-17:15,1,32,2,1,1,1,3,41,23,12,1,2,3,3,0,0,1,0,0,0,,
bothell/2005/44.txt,19th / 242nd,,March 14  2005,17:15-17:30,0,23,0,1,0,0,6,38,20,15,1,1,1,1,0,0,0,0,0,0,,
bothell/2005/44.txt,19th / 242nd,,March 14  2005,17:30-17:45,1,31,5,2,1,3,3,37,37,13,0,2,0,0,0,0,0,0,0,0,,
bothell/2005/44.txt,19th / 242nd,,March 14  2005,17:45-18:00,0,22,3,6,3,1,12,38,20,13,1,0,3,3,0,0,0,0,0,0,,
bothell/2005/44.txt,19th / 242nd,,March 14  2005,18:00-18:15,0,14,2,1,1,2,5,41,19,17,4,0,0,0,0,0,0,0,0,0,,
bothell/2005/44.txt,19th / 242nd,,March 14  2005,18:15-18:30,1,18,2,1,4,1,4,20,21,13,1,0,0,0,0,0,0,0,0,0,,
bothell/2005/44.txt,19th / 242nd,,March 14  2005,18:30-18:45,0,16,0,1,2,0,5,32,17,14,2,0,0,1,0,0,0,0,0,0,,
bothell/2005/44.txt,19th / 242nd,,March 14  2005,18:45-19:00,0,14,1,1,1,1,4,21,13,10,1,0,0,0,0,0,0,0,0,0,,
bothell/2005/45.txt,35th / 240th,,March 16  2005,15:30-15:45,0,4,16,62,34,1,0,39,26,6,16,0,0,0,0,0,0,0,0,0,,
bothell/2005/45.txt,35th / 240th,,March 16  2005,15:45-16:00,0,6,17,60,34,0,1,36,31,5,15,0,0,0,0,0,0,0,0,0,,
bothell/2005/45.txt,35th / 240th,,March 16  2005,16:00-16:15,0,5,28,62,47,3,1,47,20,6,21,0,0,0,1,0,0,0,0,0,,
bothell/2005/45.txt,35th / 240th,,March 16  2005,16:15-16:30,0,9,20,76,43,0,3,32,22,5,18,0,0,0,0,0,0,0,0,0,,
bothell/2005/45.txt,35th / 240th,,March 16  2005,16:30-16:45,0,3,24,97,56,0,4,66,41,6,26,1,0,0,0,0,0,0,0,0,,
bothell/2005/45.txt,35th / 240th,,March 16  2005,16:45-17:00,0,9,27,85,66,0,3,69,49,2,30,1,0,0,0,0,0,0,2,0,,
bothell/2005/45.txt,35th / 240th,,March 16  2005,17:00-17:15,1,7,27,102,65,0,5,73,62,5,30,0,0,0,0,0,0,0,0,0,,
bothell/2005/45.txt,35th / 240th,,March 16  2005,17:15-17:30,0,8,19,77,55,0,1,83,37,4,19,0,0,0,1,0,0,0,0,0,,
bothell/2005/45.txt,35th / 240th,,March 16  2005,17:30-17:45,1,14,16,73,70,0,2,44,33,5,23,0,0,0,1,0,0,0,1,0,,
bothell/2005/45.txt,35th / 240th,,March 16  2005,17:45-18:00,1,7,23,101,51,1,0,51,22,6,16,0,0,0,0,0,0,0,0,0,,
bothell/2005/45.txt,35th / 240th,,March 16  2005,18:00-18:15,0,9,19,102,62,0,1,45,35,5,18,0,0,0,0,0,0,0,0,0,,
bothell/2005/45.txt,35th / 240th,,March 16  2005,18:15-18:30,1,10,16,66,36,0,0,40,22,3,15,0,0,0,0,0,0,0,0,0,,
bothell/2005/46.txt,120th / 240th,,March 16  2005,15:30-15:45,23,6,,,,,46,,74,,22,11,0,,0,0,,0,0,0,,
bothell/2005/46.txt,120th / 240th,,March 16  2005,15:45-16:00,26,20,,,,,49,,81,,10,12,1,,0,0,,0,0,0,,
bothell/2005/46.txt,120th / 240th,,March 16  2005,16:00-16:15,32,16,,,,,38,,90,,13,17,1,,0,0,,2,0,0,,
bothell/2005/46.txt,120th / 240th,,March 16  2005,16:15-16:30,22,11,,,,,45,,104,,12,15,0,,0,0,,0,0,0,,
bothell/2005/46.txt,120th / 240th,,March 16  2005,16:30-16:45,38,13,,,,,59,,130,,23,14,0,,0,0,,1,0,0,,
bothell/2005/46.txt,120th / 240th,,March 16  2005,16:45-17:00,41,16,,,,,62,,126,,22,18,2,,0,0,,0,0,0,,
bothell/2005/46.txt,120th / 240th,,March 16  2005,17:00-17:15,40,20,,,,,68,,146,,23,11,0,,0,0,,0,0,0,,
bothell/2005/46.txt,120th / 240th,,March 16  2005,17:15-17:30,46,15,,,,,66,,121,,10,22,3,,0,0,,1,0,0,,
bothell/2005/46.txt,120th / 240th,,March 16  2005,17:30-17:45,30,7,,,,,61,,145,,15,21,1,,0,0,,0,0,0,,
bothell/2005/46.txt,120th / 240th,,March 16  2005,17:45-18:00,24,12,,,,,55,,142,,23,16,0,,0,0,,0,0,0,,
bothell/2005/46.txt,120th / 240th,,March 16  2005,18:00-18:15,19,15,,,,,48,,146,,17,22,1,,0,0,,0,0,0,,
bothell/2005/46.txt,120th / 240th,,March 16  2005,18:15-18:30,24,5,,,,,46,,92,,10,16,0,,0,0,,0,0,0,,
bothell/2005/47.txt,Meridian / 240th,,March 14  2005,15:30-15:45,6,24,22,33,15,29,24,48,1,2,7,4,1,1,1,0,0,0,0,0,,
bothell/2005/47.txt,Meridian / 240th,,March 14  2005,15:45-16:00,4,26,19,41,19,33,28,56,0,2,6,6,0,2,0,0,0,0,2,2,,
bothell/2005/47.txt,Meridian / 240th,,March 14  2005,16:00-16:15,10,27,17,41,16,34,29,53,1,3,5,6,0,2,1,0,0,0,0,0,,
bothell/2005/47.txt,Meridian / 240th,,March 14  2005,16:15-16:30,3,27,14,46,19,47,35,57,0,1,9,4,0,3,1,1,0,0,0,0,,
bothell/2005/47.txt,Meridian / 240th,,March 14  2005,16:30-16:45,6,24,22,56,28,34,41,59,3,1,9,3,1,0,2,1,0,0,0,0,,
bothell/2005/47.txt,Meridian / 240th,,March 14  2005,16:45-17:00,7,30,24,79,21,56,33,77,3,1,15,8,0,0,0,0,0,0,0,0,,
bothell/2005/47.txt,Meridian / 240th,,March 14  2005,17:00-17:15,5,34,18,65,15,34,38,82,7,3,14,13,0,2,1,0,0,0,3,0,,
bothell/2005/47.txt,Meridian / 240th,,March 14  2005,17:15-17:30,8,27,16,82,15,45,48,71,3,3,8,5,1,0,0,1,0,0,0,0,,
bothell/2005/47.txt,Meridian / 240th,,March 14  2005,17:30-17:45,5,37,10,62,23,47,38,82,6,0,12,7,1,1,1,1,0,0,0,0,,
bothell/2005/47.txt,Meridian / 240th,,March 14  2005,17:45-18:00,5,37,24,66,21,41,33,84,1,1,10,5,1,1,0,2,0,0,0,0,,
bothell/2005/47.txt,Meridian / 240th,,March 14  2005,18:00-18:15,5,31,24,63,24,42,29,75,2,2,9,6,0,0,0,0,0,0,0,0,,
bothell/2005/47.txt,Meridian / 240th,,March 14  2005,18:15-18:30,6,32,11,60,15,45,31,69,1,1,4,6,0,0,0,0,0,0,0,0,,
bothell/2005/50.txt,116th / 160th,,March 17  2005,15:30-15:45,62,5,5,22,135,3,1,0,2,8,166,62,0,0,0,0,0,0,0,0,,
bothell/2005/50.txt,116th / 160th,,March 17  2005,15:45-16:00,34,1,9,30,170,1,2,0,5,11,161,59,0,1,0,0,0,0,0,0,,
bothell/2005/50.txt,116th / 160th,,March 17  2005,16:00-16:15,40,4,6,17,186,3,2,1,6,12,167,64,0,0,1,0,0,0,0,0,,
bothell/2005/50.txt,116th / 160th,,March 17  2005,16:15-16:30,38,1,3,39,169,2,3,3,3,12,172,81,0,1,0,0,0,0,0,0,,
bothell/2005/50.txt,116th / 160th,,March 17  2005,16:30-16:45,51,0,10,39,170,0,5,0,4,10,201,68,0,1,1,0,0,0,0,0,,
bothell/2005/50.txt,116th / 160th,,March 17  2005,16:45-17:00,48,1,2,29,194,2,5,0,3,15,186,76,0,0,1,0,0,0,0,0,,
bothell/2005/50.txt,116th / 160th,,March 17  2005,17:00-17:15,53,1,2,22,181,0,10,0,3,15,164,79,0,1,0,0,0,0,0,0,,
bothell/2005/50.txt,116th / 160th,,March 17  2005,17:15-17:30,44,1,3,41,219,4,5,0,7,10,236,71,0,0,0,0,0,0,0,0,,
bothell/2005/50.txt,116th / 160th,,March 17  2005,17:30-17:45,40,0,4,11,211,3,5,0,3,16,162,93,0,1,0,0,0,0,0,0,,
bothell/2005/50.txt,116th / 160th,,March 17  2005,17:45-18:00,53,0,7,16,155,1,3,1,4,15,147,94,0,0,0,0,0,0,0,0,,
bothell/2005/50.txt,116th / 160th,,March 17  2005,18:00-18:15,43,0,2,39,178,2,5,1,2,10,162,88,0,1,0,0,0,0,0,0,,
bothell/2005/50.txt,116th / 160th,,March 17  2005,18:15-18:30,51,1,9,16,156,3,3,1,3,12,128,90,0,0,0,0,0,0,0,0,,
bothell/2005/50.txt,116th / 160th,,March 17  2005,07:00-07:15,,,,,,,,,,,,,2,,0,1,,,,,,
bothell/2005/50.txt,116th / 160th,,March 17  2005,07:15-07:30,,,,,,,,,,,,,1,,0,2,,,,,,
bothell/2005/50.txt,116th / 160th,,March 17  2005,07:30-07:45,,,,,,,,,,,,,1,,0,0,,,,,,
bothell/2005/50.txt,116th / 160th,,March 17  2005,07:45-08:00,,,,,,,,,,,,,0,,0,1,,,,,,
bothell/2005/50.txt,116th / 160th,,March 17  2005,08:00-08:15,,,,,,,,,,,,,0,,0,0,,,,,,
bothell/2005/50.txt,116th / 160th,,March 17  2005,08:15-08:30,,,,,,,,,,,,,0,,0,0,,,,,,
bothell/2005/50.txt,116th / 160th,,March 17  2005,08:30-08:45,,,,,,,,,,,,,0,,0,0,,,,,,
bothell/2005/50.txt,116th / 160th,,March 17  2005,08:45-09:00,,,,,,,,,,,,,0,,0,1,,,,,,
bothell/2005/51.txt,Sb Ramps / Juanita,,March 17  2005,15:30-15:45,32,150,,,,,113,2,84,,126,46,1,0,0,0,0,0,0,0,,
bothell/2005/51.txt,Sb Ramps / Juanita,,March 17  2005,15:45-16:00,37,168,,,,,124,2,92,,134,51,0,1,0,0,0,0,0,0,,
bothell/2005/51.txt,Sb Ramps / Juanita,,March 17  2005,16:00-16:15,38,166,,,,,125,3,86,,146,53,1,0,0,0,0,0,0,0,,
bothell/2005/51.txt,Sb Ramps / Juanita,,March 17  2005,16:15-16:30,39,178,,,,,146,2,118,,127,49,1,1,0,0,0,0,0,0,,
bothell/2005/51.txt,Sb Ramps / Juanita,,March 17  2005,16:30-16:45,27,175,,,,,137,1,123,,117,53,0,1,0,0,2,0,0,0,,
bothell/2005/51.txt,Sb Ramps / Juanita,,March 17  2005,16:45-17:00,24,176,,,,,122,3,126,,119,70,0,0,0,0,0,0,0,0,,
bothell/2005/51.txt,Sb Ramps / Juanita,,March 17  2005,17:00-17:15,28,162,,,,,136,2,133,,154,56,1,1,0,0,1,0,0,0,,
bothell/2005/51.txt,Sb Ramps / Juanita,,March 17  2005,17:15-17:30,47,166,,,,,188,1,121,,143,45,2,2,0,0,0,0,0,0,,
bothell/2005/51.txt,Sb Ramps / Juanita,,March 17  2005,17:30-17:45,23,171,,,,,158,2,111,,157,44,0,1,0,0,0,0,0,0,,
bothell/2005/51.txt,Sb Ramps / Juanita,,March 17  2005,17:45-18:00,40,175,,,,,137,2,102,,146,38,1,3,0,0,0,0,0,0,,
bothell/2005/51.txt,Sb Ramps / Juanita,,March 17  2005,18:00-18:15,31,164,,,,,132,2,98,,149,39,0,0,0,0,0,0,0,0,,
bothell/2005/51.txt,Sb Ramps / Juanita,,March 17  2005,18:15-18:30,22,154,,,,,121,1,91,,136,32,0,1,0,0,0,0,0,0,,
bothell/2005/51.txt,Sb Ramps / Juanita,,March 17  2005,07:00-07:15,,,,,,,,,,,,,0,,0,0,,,,,,
bothell/2005/51.txt,Sb Ramps / Juanita,,March 17  2005,07:15-07:30,,,,,,,,,,,,,0,,0,1,,,,,,
bothell/2005/51.txt,Sb Ramps / Juanita,,March 17  2005,07:30-07:45,,,,,,,,,,,,,0,,0,0,,,,,,
bothell/2005/51.txt,Sb Ramps / Juanita,,March 17  2005,07:45-08:00,,,,,,,,,,,,,0,,0,1,,,,,,
bothell/2005/51.txt,Sb Ramps / Juanita,,March 17  2005,08:00-08:15,,,,,,,,,,,,,0,,0,1,,,,,,
bothell/2005/51.txt,Sb Ramps / Juanita,,March 17  2005,08:15-08:30,,,,,,,,,,,,,0,,0,0,,,,,,
bothell/2005/51.txt,Sb Ramps / Juanita,,March 17  2005,08:30-08:45,,,,,,,,,,,,,0,,0,1,,,,,,
bothell/2005/51.txt,Sb Ramps / Juanita,,March 17  2005,08:45-09:00,,,,,,,,,,,,,0,,0,0,,,,,,
bothell/2005/52.txt,Nb Ramps / Juanita,,March 17  2005,15:30-15:45,,178,56,,,,61,2,54,99,99,,0,0,0,0,0,0,0,0,,
bothell/2005/52.txt,Nb Ramps / Juanita,,March 17  2005,15:45-16:00,,164,89,,,,64,1,62,96,115,,0,1,0,0,0,0,0,0,,
bothell/2005/52.txt,Nb Ramps / Juanita,,March 17  2005,16:00-16:15,,178,69,,,,65,1,59,107,124,,0,0,0,0,0,0,0,0,,
bothell/2005/52.txt,Nb Ramps / Juanita,,March 17  2005,16:15-16:30,,191,102,,,,73,1,73,105,114,,0,2,1,0,0,0,0,0,,
bothell/2005/52.txt,Nb Ramps / Juanita,,March 17  2005,16:30-16:45,,210,86,,,,66,3,63,109,112,,0,0,0,0,0,0,0,0,,
bothell/2005/52.txt,Nb Ramps / Juanita,,March 17  2005,16:45-17:00,,214,93,,,,67,1,56,116,129,,0,0,0,0,0,0,0,0,,
bothell/2005/52.txt,Nb Ramps / Juanita,,March 17  2005,17:00-17:15,,214,85,,,,62,2,65,124,140,,0,1,2,2,0,0,1,0,,
bothell/2005/52.txt,Nb Ramps / Juanita,,March 17  2005,17:15-17:30,,207,81,,,,75,1,56,128,142,,0,2,0,0,0,0,0,0,,
bothell/2005/52.txt,Nb Ramps / Juanita,,March 17  2005,17:30-17:45,,190,86,,,,81,4,69,124,135,,0,2,0,2,0,0,0,0,,
bothell/2005/52.txt,Nb Ramps / Juanita,,March 17  2005,17:45-18:00,,185,93,,,,73,2,73,104,116,,0,2,0,0,0,0,0,0,,
bothell/2005/52.txt,Nb Ramps / Juanita,,March 17  2005,18:00-18:15,,184,89,,,,72,5,75,100,124,,0,0,0,0,0,0,0,0,,
bothell/2005/52.txt,Nb Ramps / Juanita,,March 17  2005,18:15-18:30,,166,81,,,,65,4,61,91,112,,0,0,0,0,0,0,0,0,,
bothell/2005/53.txt,Juanita / 145th,,March 10  2005,15:30-15:45,89,102,8,8,2,3,1,97,25,1,3,80,1,0,0,0,0,0,0,0,,
bothell/2005/53.txt,Juanita / 145th,,March 10  2005,15:45-16:00,120,100,17,3,4,5,3,80,12,5,6,95,0,0,2,1,0,0,0,0,,
bothell/2005/53.txt,Juanita / 145th,,March 10  2005,16:00-16:15,93,95,13,8,8,2,3,92,19,3,6,63,0,1,1,0,0,0,0,0,,
bothell/2005/53.txt,Juanita / 145th,,March 10  2005,16:15-16:30,119,78,10,10,4,3,1,77,18,12,7,77,1,1,0,1,0,0,0,0,,
bothell/2005/53.txt,Juanita / 145th,,March 10  2005,16:30-16:45,97,83,7,1,5,0,3,70,23,12,5,83,0,0,0,0,0,0,0,0,,
bothell/2005/53.txt,Juanita / 145th,,March 10  2005,16:45-17:00,107,85,7,11,2,2,5,78,22,5,1,71,0,1,3,1,0,0,0,0,,
bothell/2005/53.txt,Juanita / 145th,,March 10  2005,17:00-17:15,134,90,16,5,6,2,6,83,36,4,5,79,1,2,2,1,0,0,0,0,,
bothell/2005/53.txt,Juanita / 145th,,March 10  2005,17:15-17:30,137,104,10,5,9,3,3,88,28,6,7,103,1,1,1,2,0,0,0,0,,
bothell/2005/53.txt,Juanita / 145th,,March 10  2005,17:30-17:45,130,101,11,10,4,4,1,103,37,9,4,95,0,0,2,3,0,0,0,0,,
bothell/2005/53.txt,Juanita / 145th,,March 10  2005,17:45-18:00,136,94,14,7,5,8,3,88,27,8,3,101,1,1,4,1,0,0,0,0,,
bothell/2005/53.txt,Juanita / 145th,,March 10  2005,18:00-18:15,145,91,11,2,2,4,4,87,18,13,6,66,0,1,2,0,0,0,0,0,,
bothell/2005/53.txt,Juanita / 145th,,March 10  2005,18:15-18:30,139,98,16,3,8,2,6,90,29,3,3,91,0,0,2,1,0,0,0,0,,
bothell/2005/54.txt,SR527 / 211Th,,March 17  2005,15:30-15:45,,321,,,,,42,507,21,20,,33,,2,0,0,0,0,0,,,
bothell/2005/54.txt,SR527 / 211Th,,March 17  2005,15:45-16:00,,274,,,,,40,493,9,30,,37,,0,2,0,0,0,0,,,
bothell/2005/54.txt,SR527 / 211Th,,March 17  2005,16:00-16:15,,244,,,,,43,562,16,21,,29,,0,3,0,0,2,0,,,
bothell/2005/54.txt,SR527 / 211Th,,March 17  2005,16:15-16:30,,266,,,,,42,555,17,34,,34,,0,1,0,0,0,0,,,
bothell/2005/54.txt,SR527 / 211Th,,March 17  2005,16:30-16:45,,266,,,,,48,619,15,26,,27,,0,0,0,0,1,0,,,
bothell/2005/54.txt,SR527 / 211Th,,March 17  2005,16:45-17:00,,300,,,,,44,624,11,38,,26,,0,0,0,0,2,0,,,
bothell/2005/54.txt,SR527 / 211Th,,March 17  2005,17:00-17:15,,269,,,,,43,589,23,41,,21,,0,0,0,0,1,0,,,
bothell/2005/54.txt,SR527 / 211Th,,March 17  2005,17:15-17:30,,281,,,,,33,674,17,24,,34,,0,1,0,0,3,0,,,
bothell/2005/54.txt,SR527 / 211Th,,March 17  2005,17:30-17:45,,261,,,,,59,646,7,32,,41,,0,0,0,0,0,0,,,
bothell/2005/54.txt,SR527 / 211Th,,March 17  2005,17:45-18:00,,240,,,,,39,563,24,21,,49,,0,2,0,0,0,0,,,
bothell/2005/54.txt,SR527 / 211Th,,March 17  2005,18:00-18:15,,246,,,,,33,536,15,37,,32,,0,0,0,0,2,0,,,
bothell/2005/54.txt,SR527 / 211Th,,March 17  2005,18:15-18:30,,239,,,,,36,531,19,27,,20,,0,1,0,0,1,0,,,
bothell/2005/55.txt,35th / 212Th,,March 02  2005,15:30-15:45,12,4,,,,,14,,12,,11,12,0,,0,1,,0,0,0,,
bothell/2005/55.txt,35th / 212Th,,March 02  2005,15:45-16:00,15,6,,,,,13,,21,,8,11,0,,0,1,,0,0,0,,
bothell/2005/55.txt,35th / 212Th,,March 02  2005,16:00-16:15,17,1,,,,,12,,15,,11,11,0,,0,0,,0,0,0,,
bothell/2005/55.txt,35th / 212Th,,March 02  2005,16:15-16:30,12,7,,,,,17,,12,,12,11,0,,0,1,,0,0,0,,
bothell/2005/55.txt,35th / 212Th,,March 02  2005,16:30-16:45,14,4,,,,,24,,26,,5,19,0,,0,2,,0,0,0,,
bothell/2005/55.txt,35th / 212Th,,March 02  2005,16:45-17:00,28,4,,,,,11,,12,,16,22,0,,0,0,,0,0,0,,
bothell/2005/55.txt,35th / 212Th,,March 02  2005,17:00-17:15,11,8,,,,,17,,18,,8,11,0,,0,0,,0,0,0,,
bothell/2005/55.txt,35th / 212Th,,March 02  2005,17:15-17:30,11,6,,,,,4,,15,,8,3,0,,0,1,,0,0,0,,
bothell/2005/55.txt,35th / 212Th,,March 02  2005,17:30-17:45,7,6,,,,,6,,17,,4,1,0,,0,1,,0,0,0,,
bothell/2005/55.txt,35th / 212Th,,March 02  2005,17:45-18:00,26,6,,,,,13,,19,,6,7,0,,0,0,,0,0,0,,
bothell/2005/55.txt,35th / 212Th,,March 02  2005,18:00-18:15,23,6,,,,,12,,18,,5,7,0,,0,1,,0,0,0,,
bothell/2005/55.txt,35th / 212Th,,March 02  2005,18:15-18:30,18,4,,,,,9,,17,,3,6,0,,0,0,,0,0,0,,
bothell/2005/56.txt,39th / 212Th,,March 09  2005,15:30-15:45,6,26,13,19,2,2,4,109,1,2,1,6,1,0,3,1,0,0,0,0,,
bothell/2005/56.txt,39th / 212Th,,March 09  2005,15:45-16:00,12,38,12,28,3,0,2,112,2,3,0,4,0,1,0,0,0,0,0,0,,
bothell/2005/56.txt,39th / 212Th,,March 09  2005,16:00-16:15,18,41,17,33,2,2,2,105,2,4,2,5,0,1,0,0,0,0,0,0,,
bothell/2005/56.txt,39th / 212Th,,March 09  2005,16:15-16:30,5,26,10,34,5,1,2,107,3,2,3,16,0,0,1,1,2,0,0,0,,
bothell/2005/56.txt,39th / 212Th,,March 09  2005,16:30-16:45,15,23,16,43,4,0,2,158,1,5,8,15,0,1,0,0,0,0,0,0,,
bothell/2005/56.txt,39th / 212Th,,March 09  2005,16:45-17:00,27,19,12,47,4,1,2,171,9,2,0,3,0,0,0,0,0,0,0,0,,
bothell/2005/56.txt,39th / 212Th,,March 09  2005,17:00-17:15,14,19,18,66,0,0,3,180,5,7,2,12,1,0,0,1,0,0,0,0,,
bothell/2005/56.txt,39th / 212Th,,March 09  2005,17:15-17:30,3,39,4,54,1,0,2,202,11,1,1,6,0,0,1,1,0,0,0,0,,
bothell/2005/56.txt,39th / 212Th,,March 09  2005,17:30-17:45,3,38,10,41,2,1,1,149,5,2,1,5,0,0,1,0,0,0,0,0,,
bothell/2005/56.txt,39th / 212Th,,March 09  2005,17:45-18:00,6,29,11,42,3,2,4,132,4,2,1,10,0,0,0,1,0,0,0,0,,
bothell/2005/56.txt,39th / 212Th,,March 09  2005,18:00-18:15,9,31,12,38,3,1,5,134,4,3,1,11,1,2,0,0,0,0,0,0,,
bothell/2005/56.txt,39th / 212Th,,March 09  2005,18:15-18:30,3,24,9,34,2,0,2,127,5,3,1,4,0,0,0,0,0,0,0,0,,
bothell/2005/57.txt,39th / Maltby,,March 09  2005,15:30-15:45,26,26,10,21,51,12,8,111,19,14,56,79,0,0,0,0,0,0,0,0,,
bothell/2005/57.txt,39th / Maltby,,March 09  2005,15:45-16:00,31,39,12,30,57,17,9,110,21,19,51,83,0,0,0,0,0,1,0,1,,
bothell/2005/57.txt,39th / Maltby,,March 09  2005,16:00-16:15,22,29,7,22,47,6,12,108,21,18,74,99,0,0,0,0,0,0,0,0,,
bothell/2005/57.txt,39th / Maltby,,March 09  2005,16:15-16:30,39,52,9,21,64,10,5,134,32,27,66,77,0,0,0,0,0,0,0,0,,
bothell/2005/57.txt,39th / Maltby,,March 09  2005,16:30-16:45,17,62,12,16,43,10,11,169,26,24,56,126,0,0,1,0,0,0,0,0,,
bothell/2005/57.txt,39th / Maltby,,March 09  2005,16:45-17:00,24,47,13,27,62,8,14,193,46,19,66,144,0,0,0,0,0,0,0,0,,
bothell/2005/57.txt,39th / Maltby,,March 09  2005,17:00-17:15,28,38,14,18,68,11,17,188,24,18,51,109,0,0,0,0,0,0,0,0,,
bothell/2005/57.txt,39th / Maltby,,March 09  2005,17:15-17:30,29,25,13,15,66,13,25,205,42,14,71,139,0,0,0,0,0,0,0,0,,
bothell/2005/57.txt,39th / Maltby,,March 09  2005,17:30-17:45,38,29,10,12,45,2,32,171,43,18,56,115,0,0,0,0,0,0,0,0,,
bothell/2005/57.txt,39th / Maltby,,March 09  2005,17:45-18:00,21,32,17,15,48,9,17,171,27,18,57,126,0,0,0,0,0,0,0,0,,
bothell/2005/57.txt,39th / Maltby,,March 09  2005,18:00-18:15,37,42,7,28,35,10,11,153,41,15,53,95,0,0,0,0,0,0,0,0,,
bothell/2005/57.txt,39th / Maltby,,March 09  2005,18:15-18:30,30,58,12,20,53,26,13,117,28,26,53,84,0,0,0,0,0,0,0,0,,
bothell/2005/58.txt,17th / 220th,,March 09  2005,15:30-15:45,10,0,0,1,129,11,4,1,84,29,24,5,2,1,2,3,0,0,0,0,,
bothell/2005/58.txt,17th / 220th,,March 09  2005,15:45-16:00,7,0,0,2,142,5,10,0,74,31,27,4,1,0,0,0,0,0,0,0,,
bothell/2005/58.txt,17th / 220th,,March 09  2005,16:00-16:15,6,0,0,3,161,7,10,1,81,32,33,5,0,0,0,1,0,0,0,0,,
bothell/2005/58.txt,17th / 220th,,March 09  2005,16:15-16:30,4,0,0,2,156,13,10,0,71,54,31,5,0,1,0,3,0,0,0,0,,
bothell/2005/58.txt,17th / 220th,,March 09  2005,16:30-16:45,4,0,0,1,195,15,10,1,107,26,27,8,0,0,0,5,0,0,0,0,,
bothell/2005/58.txt,17th / 220th,,March 09  2005,16:45-17:00,4,0,0,4,184,11,11,1,70,37,31,11,0,0,1,1,0,0,0,0,,
bothell/2005/58.txt,17th / 220th,,March 09  2005,17:00-17:15,7,1,1,1,189,8,5,0,86,43,28,7,3,0,0,0,0,0,0,0,,
bothell/2005/58.txt,17th / 220th,,March 09  2005,17:15-17:30,12,3,1,4,184,12,6,0,74,33,31,7,4,0,0,3,0,0,0,0,,
bothell/2005/58.txt,17th / 220th,,March 09  2005,17:30-17:45,8,0,1,3,164,8,15,2,85,27,40,6,3,0,1,0,0,0,0,0,,
bothell/2005/58.txt,17th / 220th,,March 09  2005,17:45-18:00,9,0,0,1,156,11,13,0,73,44,27,8,3,0,0,0,0,0,0,0,,
bothell/2005/58.txt,17th / 220th,,March 09  2005,18:00-18:15,13,0,0,0,154,14,14,2,75,26,11,7,0,0,0,0,0,0,0,0,,
bothell/2005/58.txt,17th / 220th,,March 09  2005,18:15-18:30,11,0,0,1,154,10,4,1,71,34,9,9,2,0,0,0,0,0,0,0,,
bothell/2005/59.txt,39th / 228th,,March 10  2005,15:30-15:45,,90,101,,,,26,,12,21,98,,0,0,0,,0,0,,0,,
bothell/2005/59.txt,39th / 228th,,March 10  2005,15:45-16:00,,92,94,,,,21,,6,26,111,,0,0,0,,0,0,,0,,
bothell/2005/59.txt,39th / 228th,,March 10  2005,16:00-16:15,,87,97,,,,27,,5,24,103,,0,0,0,,0,0,,0,,
bothell/2005/59.txt,39th / 228th,,March 10  2005,16:15-16:30,,75,94,,,,31,,13,24,81,,0,0,0,,0,0,,0,,
bothell/2005/59.txt,39th / 228th,,March 10  2005,16:30-16:45,,79,112,,,,26,,3,36,93,,0,0,0,,0,0,,0,,
bothell/2005/59.txt,39th / 228th,,March 10  2005,16:45-17:00,,78,122,,,,23,,4,59,89,,0,0,0,,0,0,,0,,
bothell/2005/59.txt,39th / 228th,,March 10  2005,17:00-17:15,,116,160,,,,25,,3,57,111,,0,0,0,,0,0,,0,,
bothell/2005/59.txt,39th / 228th,,March 10  2005,17:15-17:30,,82,171,,,,27,,9,65,81,,0,0,0,,0,0,,0,,
bothell/2005/59.txt,39th / 228th,,March 10  2005,17:30-17:45,,77,114,,,,31,,7,39,66,,0,0,0,,0,0,,0,,
bothell/2005/59.txt,39th / 228th,,March 10  2005,17:45-18:00,,78,127,,,,31,,15,17,75,,0,0,0,,0,0,,0,,
bothell/2005/59.txt,39th / 228th,,March 10  2005,18:00-18:15,,72,121,,,,29,,12,12,71,,0,0,0,,0,0,,0,,
bothell/2005/59.txt,39th / 228th,,March 10  2005,18:15-18:30,,64,112,,,,27,,7,14,68,,0,0,0,,0,0,,0,,
bothell/2005/60.txt,Nb Ramps / Beardslee/195th,,March 16  2005,15:30-15:45,,78,10,,,,106,25,45,74,221,,0,0,0,0,0,0,0,0,,
bothell/2005/60.txt,Nb Ramps / Beardslee/195th,,March 16  2005,15:45-16:00,,81,13,,,,111,34,51,81,228,,0,0,0,0,0,0,0,0,,
bothell/2005/60.txt,Nb Ramps / Beardslee/195th,,March 16  2005,16:00-16:15,,77,12,,,,105,28,46,78,226,,0,0,0,0,0,0,0,0,,
bothell/2005/60.txt,Nb Ramps / Beardslee/195th,,March 16  2005,16:15-16:30,,89,16,,,,111,34,64,64,216,,0,2,0,0,0,0,1,0,,
bothell/2005/60.txt,Nb Ramps / Beardslee/195th,,March 16  2005,16:30-16:45,,109,18,,,,121,36,63,63,253,,0,2,0,0,0,0,0,0,,
bothell/2005/60.txt,Nb Ramps / Beardslee/195th,,March 16  2005,16:45-17:00,,92,18,,,,96,14,75,90,261,,0,1,0,0,0,0,1,0,,
bothell/2005/60.txt,Nb Ramps / Beardslee/195th,,March 16  2005,17:00-17:15,,102,28,,,,119,23,81,65,253,,0,3,0,1,0,0,0,0,,
bothell/2005/60.txt,Nb Ramps / Beardslee/195th,,March 16  2005,17:15-17:30,,80,36,,,,145,19,87,67,232,,1,4,0,1,0,0,1,0,,
bothell/2005/60.txt,Nb Ramps / Beardslee/195th,,March 16  2005,17:30-17:45,,80,26,,,,106,17,95,72,281,,0,4,0,1,2,0,0,0,,
bothell/2005/60.txt,Nb Ramps / Beardslee/195th,,March 16  2005,17:45-18:00,,83,22,,,,112,14,77,59,221,,0,1,0,1,0,0,0,0,,
bothell/2005/60.txt,Nb Ramps / Beardslee/195th,,March 16  2005,18:00-18:15,,79,23,,,,111,16,84,61,223,,0,0,0,0,0,0,0,0,,
bothell/2005/60.txt,Nb Ramps / Beardslee/195th,,March 16  2005,18:15-18:30,,68,18,,,,104,14,71,54,209,,0,0,0,0,0,0,0,0,,
bothell/2005/61.txt,Ne 180th St / SR 522,,May 23  2005,15:30-15:45,20,7,23,25,373,7,1,4,14,4,359,23,0,3,0,0,0,0,0,0,,
bothell/2005/61.txt,Ne 180th St / SR 522,,May 23  2005,15:45-16:00,11,12,24,21,325,6,2,1,6,4,321,15,0,0,0,0,0,0,0,0,,
bothell/2005/61.txt,Ne 180th St / SR 522,,May 23  2005,16:00-16:15,9,4,28,28,373,5,0,5,7,5,364,16,2,4,5,3,0,0,0,0,,
bothell/2005/61.txt,Ne 180th St / SR 522,,May 23  2005,16:15-16:30,9,3,20,30,412,10,1,5,5,6,338,19,0,2,0,0,0,0,0,0,,
bothell/2005/61.txt,Ne 180th St / SR 522,,May 23  2005,16:30-16:45,17,6,22,27,367,5,5,4,7,10,404,20,0,0,0,0,0,0,0,0,,
bothell/2005/61.txt,Ne 180th St / SR 522,,May 23  2005,16:45-17:00,12,7,22,35,398,8,5,4,3,4,385,30,4,3,6,2,0,0,0,0,,
bothell/2005/61.txt,Ne 180th St / SR 522,,May 23  2005,17:00-17:15,13,2,31,34,431,7,5,6,8,1,384,15,0,0,0,0,1,0,0,0,,
bothell/2005/61.txt,Ne 180th St / SR 522,,May 23  2005,17:15-17:30,13,9,29,47,434,9,4,10,6,5,422,35,0,0,1,0,0,0,0,0,,
bothell/2005/61.txt,Ne 180th St / SR 522,,May 23  2005,17:30-17:45,8,7,30,64,371,3,2,4,5,4,418,27,0,0,2,2,0,0,0,0,,
bothell/2005/61.txt,Ne 180th St / SR 522,,May 23  2005,17:45-18:00,15,4,24,57,376,5,3,3,11,5,391,29,0,1,0,1,0,0,0,0,,
bothell/2005/61.txt,Ne 180th St / SR 522,,May 23  2005,18:00-18:15,20,4,26,40,330,4,5,4,9,6,364,30,0,0,0,0,0,0,0,0,,
bothell/2005/61.txt,Ne 180th St / SR 522,,May 23  2005,18:15-18:30,11,2,20,31,315,9,1,7,6,3,322,25,0,0,0,0,0,0,0,0,,
bothell/2005/62.txt,96th Ave NE / SR 522,,May 23  2005,15:30-15:45,21,295,,,,,96,0,80,,355,48,0,,0,0,,0,0,0,,
bothell/2005/62.txt,96th Ave NE / SR 522,,May 23  2005,15:45-16:00,26,262,,,,,75,0,76,,315,38,0,,0,0,,0,0,0,,
bothell/2005/62.txt,96th Ave NE / SR 522,,May 23  2005,16:00-16:15,30,294,,,,,81,0,83,,327,42,2,,5,3,,0,0,0,,
bothell/2005/62.txt,96th Ave NE / SR 522,,May 23  2005,16:15-16:30,21,278,,,,,78,0,77,,355,69,0,,0,0,,0,0,0,,
bothell/2005/62.txt,96th Ave NE / SR 522,,May 23  2005,16:30-16:45,31,332,,,,,77,0,103,,324,45,0,,0,0,,0,0,0,,
bothell/2005/62.txt,96th Ave NE / SR 522,,May 23  2005,16:45-17:00,36,333,,,,,89,0,79,,367,56,4,,6,2,,0,0,0,,
bothell/2005/62.txt,96th Ave NE / SR 522,,May 23  2005,17:00-17:15,26,326,,,,,84,0,91,,379,73,0,,0,0,,0,0,0,,
bothell/2005/62.txt,96th Ave NE / SR 522,,May 23  2005,17:15-17:30,40,361,,,,,100,0,115,,377,64,0,,1,0,,0,0,0,,
bothell/2005/62.txt,96th Ave NE / SR 522,,May 23  2005,17:30-17:45,43,367,,,,,91,0,89,,338,67,0,,2,2,,0,0,0,,
bothell/2005/62.txt,96th Ave NE / SR 522,,May 23  2005,17:45-18:00,28,290,,,,,93,0,103,,289,60,0,,0,1,,0,0,0,,
bothell/2005/62.txt,96th Ave NE / SR 522,,May 23  2005,18:00-18:15,30,294,,,,,80,0,72,,323,59,0,,0,0,,0,0,0,,
bothell/2005/62.txt,96th Ave NE / SR 522,,May 23  2005,18:15-18:30,23,268,,,,,72,0,63,,269,63,0,,0,0,,0,0,0,,
