sf/22nd St_Mission St_AM_20120521.txt,MISSION ST / 22ND ST,Vehicles,5/21/2012,07:00-07:15,6,56,2,0,12,2,4,60,0,4,15,4,5,40,8,17,,,,,,
sf/22nd St_Mission St_AM_20120521.txt,MISSION ST / 22ND ST,Vehicles,5/21/2012,07:15-07:30,0,56,0,2,20,4,4,108,6,7,33,3,4,26,8,18,,,,,,
sf/22nd St_Mission St_AM_20120521.txt,MISSION ST / 22ND ST,Vehicles,5/21/2012,07:30-07:45,7,53,1,3,27,5,14,144,1,3,39,6,24,35,18,38,,,,,,
sf/22nd St_Mission St_AM_20120521.txt,MISSION ST / 22ND ST,Vehicles,5/21/2012,07:45-08:00,3,34,3,3,28,2,14,131,4,1,56,3,20,28,45,48,,,,,,
sf/22nd St_Mission St_AM_20120521.txt,MISSION ST / 22ND ST,Vehicles,5/21/2012,08:00-08:15,4,75,4,8,37,1,14,101,2,6,67,6,37,56,36,45,,,,,,
sf/22nd St_Mission St_AM_20120521.txt,MISSION ST / 22ND ST,Vehicles,5/21/2012,08:15-08:30,3,74,5,14,33,3,11,114,6,8,63,3,32,71,51,41,,,,,,
sf/22nd St_Mission St_AM_20120521.txt,MISSION ST / 22ND ST,Vehicles,5/21/2012,08:30-08:45,3,51,1,7,29,0,16,146,2,4,63,20,39,76,27,64,,,,,,
sf/22nd St_Mission St_AM_20120521.txt,MISSION ST / 22ND ST,Vehicles,5/21/2012,08:45-09:00,5,48,2,6,38,4,17,94,2,6,65,5,43,67,54,39,,,,,,
sf/22nd St_Mission St_PM_20210521.txt,MISSION ST / 22ND ST,Vehicles,5/21/2012,16:00-16:15,2,47,1,13,26,2,12,45,2,11,29,2,54,75,35,37,,,,,,
sf/22nd St_Mission St_PM_20210521.txt,MISSION ST / 22ND ST,Vehicles,5/21/2012,16:15-16:30,10,71,3,7,35,13,20,86,0,15,36,4,62,128,63,146,,,,,,
sf/22nd St_Mission St_PM_20210521.txt,MISSION ST / 22ND ST,Vehicles,5/21/2012,16:30-16:45,12,79,0,6,44,9,15,91,0,9,42,5,82,136,69,162,,,,,,
sf/22nd St_Mission St_PM_20210521.txt,MISSION ST / 22ND ST,Vehicles,5/21/2012,16:45-17:00,9,79,1,14,33,6,14,76,2,10,51,4,77,135,62,166,,,,,,
sf/22nd St_Mission St_PM_20210521.txt,MISSION ST / 22ND ST,Vehicles,5/21/2012,17:00-17:15,8,81,0,11,34,11,26,88,7,14,37,5,100,173,91,146,,,,,,
sf/22nd St_Mission St_PM_20210521.txt,MISSION ST / 22ND ST,Vehicles,5/21/2012,17:15-17:30,19,83,2,6,48,10,15,70,7,13,43,2,103,150,92,158,,,,,,
sf/22nd St_Mission St_PM_20210521.txt,MISSION ST / 22ND ST,Vehicles,5/21/2012,17:30-17:45,11,85,1,12,40,10,24,77,0,5,49,2,70,133,76,151,,,,,,
sf/22nd St_Mission St_PM_20210521.txt,MISSION ST / 22ND ST,Vehicles,5/21/2012,17:45-18:00,13,69,1,9,49,24,27,87,2,16,42,2,79,128,71,158,,,,,,
sf/23rd St_Mission St_AM_20210521.txt,MISSION ST / 23RD ST,Vehicles,5/21/2012,07:00-07:15,5,60,1,0,10,1,5,59,1,1,9,3,2,10,4,5,,,,,,
sf/23rd St_Mission St_AM_20210521.txt,MISSION ST / 23RD ST,Vehicles,5/21/2012,07:15-07:30,0,60,1,3,30,4,7,122,0,6,36,3,19,25,21,10,,,,,,
sf/23rd St_Mission St_AM_20210521.txt,MISSION ST / 23RD ST,Vehicles,5/21/2012,07:30-07:45,7,53,3,2,35,2,7,149,1,4,55,5,27,9,24,8,,,,,,
sf/23rd St_Mission St_AM_20210521.txt,MISSION ST / 23RD ST,Vehicles,5/21/2012,07:45-08:00,5,39,0,5,51,0,12,128,2,3,62,1,31,7,25,8,,,,,,
sf/23rd St_Mission St_AM_20210521.txt,MISSION ST / 23RD ST,Vehicles,5/21/2012,08:00-08:15,4,61,1,2,30,2,2,120,2,0,59,1,22,7,17,9,,,,,,
sf/23rd St_Mission St_AM_20210521.txt,MISSION ST / 23RD ST,Vehicles,5/21/2012,08:15-08:30,0,71,2,0,32,0,4,116,0,2,65,4,17,7,12,8,,,,,,
sf/23rd St_Mission St_AM_20210521.txt,MISSION ST / 23RD ST,Vehicles,5/21/2012,08:30-08:45,2,42,7,4,37,1,10,151,2,2,50,1,45,9,44,16,,,,,,
sf/23rd St_Mission St_AM_20210521.txt,MISSION ST / 23RD ST,Vehicles,5/21/2012,08:45-09:00,4,47,0,7,35,0,4,108,1,2,45,0,32,12,15,20,,,,,,
sf/23rd St_Mission St_PM_20210521.txt,MISSION ST / 23RD ST,Vehicles,5/21/2012,16:00-16:15,5,60,1,5,99,0,6,63,1,2,110,1,33,31,37,30,,,,,,
sf/23rd St_Mission St_PM_20210521.txt,MISSION ST / 23RD ST,Vehicles,5/21/2012,16:15-16:30,6,96,2,3,65,1,3,109,1,0,84,3,40,42,38,48,,,,,,
sf/23rd St_Mission St_PM_20210521.txt,MISSION ST / 23RD ST,Vehicles,5/21/2012,16:30-16:45,9,99,5,0,66,0,8,98,0,0,54,0,51,70,37,60,,,,,,
sf/23rd St_Mission St_PM_20210521.txt,MISSION ST / 23RD ST,Vehicles,5/21/2012,16:45-17:00,8,91,1,3,87,0,13,95,0,9,96,2,68,60,74,67,,,,,,
sf/23rd St_Mission St_PM_20210521.txt,MISSION ST / 23RD ST,Vehicles,5/21/2012,17:00-17:15,12,106,0,5,84,1,3,104,0,3,78,2,87,102,86,85,,,,,,
sf/23rd St_Mission St_PM_20210521.txt,MISSION ST / 23RD ST,Vehicles,5/21/2012,17:15-17:30,4,115,0,1,72,5,7,91,1,5,72,0,72,91,78,92,,,,,,
sf/23rd St_Mission St_PM_20210521.txt,MISSION ST / 23RD ST,Vehicles,5/21/2012,17:30-17:45,17,98,0,1,87,2,15,116,3,0,97,0,88,99,84,87,,,,,,
sf/23rd St_Mission St_PM_20210521.txt,MISSION ST / 23RD ST,Vehicles,5/21/2012,17:45-18:00,10,80,0,6,98,1,11,103,1,2,91,0,90,113,78,111,,,,,,
sf/280NB-Geneva Ave 5_21_2012 AM.txt,I-280 NB ON-RAMP / GENEVA AV / I-280 NB OFF-RAMP,Peds only,5/21/2012,07:00-07:15,0,0,0,0,0,0,0,0,0,0,0,0,9,4,30,0,,,,,,
sf/280NB-Geneva Ave 5_21_2012 AM.txt,I-280 NB ON-RAMP / GENEVA AV / I-280 NB OFF-RAMP,Peds only,5/21/2012,07:15-07:30,0,0,0,0,0,0,0,0,0,0,0,0,6,6,31,0,,,,,,
sf/280NB-Geneva Ave 5_21_2012 AM.txt,I-280 NB ON-RAMP / GENEVA AV / I-280 NB OFF-RAMP,Peds only,5/21/2012,07:30-07:45,0,0,0,0,0,0,0,0,0,0,0,0,7,4,36,0,,,,,,
sf/280NB-Geneva Ave 5_21_2012 AM.txt,I-280 NB ON-RAMP / GENEVA AV / I-280 NB OFF-RAMP,Peds only,5/21/2012,07:45-08:00,0,0,0,0,0,0,0,0,0,0,0,0,16,5,45,0,,,,,,
sf/280NB-Geneva Ave 5_21_2012 AM.txt,I-280 NB ON-RAMP / GENEVA AV / I-280 NB OFF-RAMP,Peds only,5/21/2012,08:00-08:15,0,0,0,0,0,0,0,0,0,0,0,0,19,4,44,0,,,,,,
sf/280NB-Geneva Ave 5_21_2012 AM.txt,I-280 NB ON-RAMP / GENEVA AV / I-280 NB OFF-RAMP,Peds only,5/21/2012,08:15-08:30,0,0,0,0,0,0,0,0,0,0,0,0,13,2,41,0,,,,,,
sf/280NB-Geneva Ave 5_21_2012 AM.txt,I-280 NB ON-RAMP / GENEVA AV / I-280 NB OFF-RAMP,Peds only,5/21/2012,08:30-08:45,0,0,0,0,0,0,0,0,0,0,0,0,11,2,27,0,,,,,,
sf/280NB-Geneva Ave 5_21_2012 AM.txt,I-280 NB ON-RAMP / GENEVA AV / I-280 NB OFF-RAMP,Peds only,5/21/2012,08:45-09:00,0,0,0,0,0,0,0,0,0,0,0,0,22,4,26,0,,,,,,
sf/280NB_Geneva Ave 5_21_2012 PM.txt,I-280 NB ON-RAMP / GENEVA AV / I-280 NB OFF-RAMP,Peds only,5/21/2012,16:00-16:15,0,0,0,0,0,0,0,0,0,0,0,0,20,10,21,0,,,,,,
sf/280NB_Geneva Ave 5_21_2012 PM.txt,I-280 NB ON-RAMP / GENEVA AV / I-280 NB OFF-RAMP,Peds only,5/21/2012,16:15-16:30,0,0,0,0,0,0,0,0,0,0,0,0,11,4,16,0,,,,,,
sf/280NB_Geneva Ave 5_21_2012 PM.txt,I-280 NB ON-RAMP / GENEVA AV / I-280 NB OFF-RAMP,Peds only,5/21/2012,16:30-16:45,0,0,0,0,0,0,0,0,0,0,0,0,26,14,23,0,,,,,,
sf/280NB_Geneva Ave 5_21_2012 PM.txt,I-280 NB ON-RAMP / GENEVA AV / I-280 NB OFF-RAMP,Peds only,5/21/2012,16:45-17:00,0,0,0,0,0,0,0,0,0,0,0,0,15,4,18,0,,,,,,
sf/280NB_Geneva Ave 5_21_2012 PM.txt,I-280 NB ON-RAMP / GENEVA AV / I-280 NB OFF-RAMP,Peds only,5/21/2012,17:00-17:15,0,0,0,0,0,0,0,0,0,0,0,0,12,3,19,0,,,,,,
sf/280NB_Geneva Ave 5_21_2012 PM.txt,I-280 NB ON-RAMP / GENEVA AV / I-280 NB OFF-RAMP,Peds only,5/21/2012,17:15-17:30,0,0,0,0,0,0,0,0,0,0,0,0,28,9,18,0,,,,,,
sf/280NB_Geneva Ave 5_21_2012 PM.txt,I-280 NB ON-RAMP / GENEVA AV / I-280 NB OFF-RAMP,Peds only,5/21/2012,17:30-17:45,0,0,0,0,0,0,0,0,0,0,0,0,21,3,24,0,,,,,,
sf/280NB_Geneva Ave 5_21_2012 PM.txt,I-280 NB ON-RAMP / GENEVA AV / I-280 NB OFF-RAMP,Peds only,5/21/2012,17:45-18:00,0,0,0,0,0,0,0,0,0,0,0,0,25,6,24,0,,,,,,
sf/15th St_Church St_AM_11-14-12.txt,Church St -- 15th St / San Francisco  CA,x,Wed  Nov 14 2012,07:40-08:40,11,217,51,66,197,16,52,287,26,18,175,13,131,98,78,163,8,13,6,27,,
sf/15th St_Church St_AM_11-15-12.txt,Church St -- 15th St / San Francisco  CA,x,Thu  Nov 15 2012,07:50-08:50,13,204,57,92,211,12,50,341,17,18,194,15,109,85,70,151,6,18,5,23,,
sf/15th St_Church St_PM_11-14-12.txt,Church St -- 15th St / San Francisco  CA,x,Wed  Nov 14 2012,17:00-18:00,27,280,65,107,202,49,32,263,11,55,125,22,116,167,99,224,3,19,25,30,,
sf/15th St_Church St_PM_11-15-12.txt,Church St -- 15th St / San Francisco  CA,x,Thu  Nov 15 2012,17:00-18:00,16,244,63,119,214,34,30,237,19,28,113,16,135,152,86,242,2,25,14,37,,
sf/16th St_Church St_AM_11-14-12.txt,Church St -- 16th St / San Francisco  CA,x,Wed  Nov 14 2012,07:40-08:40,20,173,58,70,391,46,48,278,24,47,417,22,133,169,193,152,19,9,7,12,,
sf/16th St_Church St_AM_11-15-12.txt,Church St -- 16th St / San Francisco  CA,x,Thu  Nov 15 2012,07:35-08:35,13,172,66,90,421,44,43,298,36,42,417,12,156,149,202,94,22,17,11,18,,
sf/16th St_Church St_PM_11-14-12.txt,Church St -- 16th St / San Francisco  CA,x,Wed  Nov 14 2012,16:55-17:55,32,282,60,103,540,64,36,193,34,45,385,14,113,110,156,110,15,20,27,23,,
sf/16th St_Church St_PM_11-15-12.txt,Church St -- 16th St / San Francisco  CA,x,Thu  Nov 15 2012,16:55-17:55,25,234,62,115,516,56,23,182,18,42,310,15,183,127,175,85,12,16,10,18,,
sf/17th St_Potrero Ave_040913_AM.txt,Potrero Ave -- 17th St / San Francisco  CA,x,Tue  Apr 16 2013,08:00-09:00,45,463,60,62,247,51,68,713,46,41,235,21,39,26,36,49,141,8,8,37,,
sf/17th St_Potrero Ave_040913_PM.txt,Potrero Ave -- 17th St / San Francisco  CA,x,Tue  Apr 16 2013,16:30-17:30,79,1009,61,44,286,83,61,999,65,52,185,29,41,41,44,82,16,22,65,5,,
sf/17th_Church St_11-15-12_AM.txt,Church St -- 17th St / San Francisco  CA,x,Thu  Nov 15 2012,07:35-08:35,32,140,53,89,175,16,66,287,58,26,255,39,100,141,69,69,47,9,27,4,,
sf/17th_Church St_11-15-12_PM.txt,Church St -- 17th St / San Francisco  CA,x,Thu  Nov 15 2012,17:00-18:00,22,226,56,55,222,27,22,169,21,15,139,12,78,109,85,133,34,6,61,5,,
sf/19th Ave_Holloway Ave_AM_20120522.txt,19th Ave -- Holloway Ave / San Francisco  CA,x,Tue  May 22 2012,07:30-08:30,51,2653,0,48,103,18,105,1725,0,30,99,20,342,34,35,118,1,0,2,0,,
sf/19th Ave_Holloway Ave_PM_20120522.txt,19th Ave -- Holloway Ave / San Francisco  CA,x,Tue  May 22 2012,16:45-17:45,63,2566,0,36,117,23,76,1939,0,60,109,45,305,14,49,129,7,1,3,0,,
sf/19th Ave_Irving St_AM_20120522.txt,19th Ave -- Irving St / San Francisco  CA,x,Tue  May 22 2012,07:30-08:30,147,2027,0,200,88,0,111,2211,0,63,145,233,81,39,85,99,17,0,2,0,,
sf/19th Ave_Irving St_PM_20120522.txt,19th Ave -- Irving St / San Francisco  CA,x,Tue  May 22 2012,16:45-17:45,183,2265,0,112,251,7,119,2407,0,86,139,113,168,61,181,106,5,1,13,0,,
sf/19th Ave_Lincoln Way_AM_20120522.txt,19th Ave -- Lincoln Way / San Francisco  CA,x,Tue  May 22 2012,07:45-08:45,269,2115,0,314,541,0,262,2144,0,18,979,0,70,51,14,51,1,2,2,2,,
sf/19th Ave_Lincoln Way_PM_20120522.txt,19th Ave -- Lincoln Way / San Francisco  CA,x,Tue  May 22 2012,16:45-17:45,369,2427,0,202,949,1,224,2326,0,52,723,0,38,50,25,85,1,1,0,0,,
sf/19th Ave_Quintara St_AM_20120522.txt,19th Ave -- Quintara St / San Francisco  CA,x,Tue  May 22 2012,07:30-08:30,47,2239,0,10,144,26,58,2283,0,71,93,66,12,17,198,29,0,0,4,0,,
sf/19th Ave_Quintara St_PM_20120522.txt,19th Ave -- Quintara St / San Francisco  CA,x,Tue  May 22 2012,17:00-18:00,85,2594,1,16,104,30,50,2502,0,40,75,41,18,23,22,21,1,1,1,0,,
sf/19th Ave_Taraval_AM_052913.txt,19th St -- Taraval St / San Francisco  CA,x,Wed  May 29 2013,07:35-08:35,57,2412,0,49,240,6,106,2292,0,64,242,1,98,30,40,91,0,0,1,0,,
sf/19th Ave_Taraval_PM_052913.txt,19th St -- Taraval St / San Francisco  CA,x,Wed  May 29 2013,16:05-17:05,102,2388,0,53,282,6,96,2352,0,84,204,8,152,74,86,63,1,1,3,0,,
sf/21st St_Potrero Ave_040913_AM.txt,Potrero Ave -- 21st St / San Francisco  CA,x,Tue  Apr 09 2013,07:45-08:45,16,748,2,0,0,0,0,1122,81,72,0,22,11,7,102,43,0,11,1,21,,
sf/21st St_Potrero Ave_040913_PM.txt,Potrero Ave -- 21st St / San Francisco  CA,x,Tue  Apr 09 2013,16:15-17:15,39,1262,0,0,0,0,0,762,113,52,0,24,41,80,42,35,0,18,2,23,,
sf/22nd St (North)_Potrero Ave_040913_AM.txt,Potrero Ave -- 22nd St (North) / San Francisco  CA,x,Tue  Apr 09 2013,07:45-08:45,0,723,97,44,0,46,160,1167,0,0,0,0,38,85,35,35,0,8,0,40,,
sf/22nd St (North)__Potrero Ave_040913_PM.txt,Potrero Ave -- 22nd St (North) / San Francisco  CA,x,Tue  Apr 09 2013,16:00-17:00,0,1242,77,58,0,81,107,858,0,0,0,0,33,86,23,22,0,9,0,14,,
sf/22nd St (South) Potrero Ave_040913_PM.txt,Potrero Ave -- 22nd St (South) / San Francisco  CA,x,Tue  Apr 09 2013,16:00-17:00,48,1230,0,0,0,0,0,926,9,74,0,42,27,45,20,48,0,18,0,12,,
sf/22nd St (South)_Potrero Ave_040913_AM.txt,Potrero Ave -- 22nd St (South) / San Francisco  CA,x,Tue  Apr 09 2013,07:45-08:45,21,729,0,0,0,0,0,1279,6,104,0,82,34,106,18,30,0,8,0,17,,
sf/23rd St_Potrero Ave_040913_AM.txt,Potrero Ave -- 23rd St / San Francisco  CA,x,Tue  Apr 09 2013,07:45-08:45,19,671,141,156,15,93,89,1111,0,40,16,42,2,81,114,48,6,7,3,18,,
sf/23rd St_Potrero Ave_040913_PM.txt,Potrero Ave -- 23rd St / San Francisco  CA,x,Tue  Apr 09 2013,16:00-17:00,30,1184,91,196,24,93,86,708,0,52,46,24,1,75,86,51,2,14,5,9,,
sf/24th St_Potrero Ave_040913_AM.txt,Potrero Ave -- 24th St / San Francisco  CA,x,Tue  Apr 09 2013,07:45-08:45,36,725,37,59,70,39,96,1089,127,83,161,26,291,76,93,120,5,8,8,9,,
sf/24th St_Potrero Ave_040913_PM.txt,Potrero Ave -- 24th St / San Francisco  CA,x,Tue  Apr 09 2013,16:15-17:15,50,1295,14,68,81,71,34,638,140,113,119,23,292,50,155,126,5,12,8,1,,
sf/25th Ave_Crossover Dr_Fulton St_AM_20120522.txt,25th Ave/Crossover Dr -- Fulton St / San Francisco  CA,x,Tue  May 22 2012,07:45-08:45,40,618,0,40,479,0,147,648,0,120,934,0,25,26,23,33,1,5,1,4,,
sf/25th Ave_Crossover Dr_Fulton St_PM_20120522.txt,25th Ave/Crossover Dr -- Fulton St / San Francisco  CA,x,Tue  May 22 2012,17:00-18:00,43,620,0,36,831,0,148,635,3,109,484,0,28,17,33,50,3,3,1,11,,
sf/25th St (North)_Potrero Ave_040913_AM.txt,Potrero Ave -- 25th St (North) / San Francisco  CA,x,Tue  Apr 09 2013,07:45-08:45,0,840,16,16,0,188,224,1302,3,4,0,0,36,18,118,25,1,10,0,12,,
sf/25th St (North)_Potrero Ave_040913_PM.txt,Potrero Ave -- 25th St (North) / San Francisco  CA,x,Tue  Apr 09 2013,16:00-17:00,0,1455,8,16,0,262,87,845,2,0,0,0,26,43,64,77,0,12,0,8,,
sf/25th St (South)_Potrero Ave_040913_AM.txt,Potrero Ave -- 25th St (South) / San Francisco  CA,x,Tue  Apr 09 2013,07:30-08:30,63,0,0,0,0,0,0,0,5,230,0,2,0,25,1,33,0,0,0,0,,
sf/25th St (South)_Potrero Ave_040913_PM.txt,Potrero Ave -- 25th St (South) / San Francisco  CA,x,Tue  Apr 09 2013,16:30-17:30,76,0,0,0,0,0,0,0,2,252,0,0,1,66,11,52,0,0,0,0,,
sf/BayshoreBlvd_CortlandAve_AM_052913.txt,Bayshore Blvd -- Cortland Ave / San Francisco  CA,x,Wed  May 29 2013,07:45-08:45,126,447,1,0,0,0,0,1167,222,232,0,246,75,2,30,36,0,6,0,14,,
sf/BayshoreBlvd_CortlandAve_PM_052913.txt,Bayshore Blvd -- Cortland Ave / San Francisco  CA,x,Wed  May 29 2013,17:00-18:00,177,949,2,0,0,0,0,945,253,181,0,140,50,0,23,79,0,7,2,8,,
sf/BayshoreBlvd_IndustrialSt_AM_052913.txt,Bayshore Blvd -- Industrial St / San Francisco  CA,x,Wed  May 29 2013,07:40-08:40,288,253,128,117,496,51,162,743,223,44,619,556,11,31,6,9,3,6,0,6,,
sf/BayshoreBlvd_IndustrialSt_PM_052913.txt,Bayshore Blvd -- Industrial St / San Francisco  CA,x,Wed  May 29 2013,16:45-17:45,468,488,84,78,716,80,66,500,207,34,337,653,5,19,2,6,0,3,4,2,,
sf/BayshoreBlvd_OakdaleAve_AM_060413.txt,Bayshore Blvd -- Oakdale Ave / San Francisco  CA,x,Tue  Jun 04 2013,07:40-08:40,0,372,417,252,0,172,125,1064,0,0,0,0,35,25,1,0,0,1,0,4,,
sf/BayshoreBlvd_OakdaleAve_PM_060413.txt,Bayshore Blvd -- Oakdale Ave / San Francisco  CA,x,Tue  Jun 04 2013,16:50-17:50,0,825,452,204,1,283,108,732,0,0,0,0,22,25,1,0,0,4,0,8,,
sf/BayshoreBlvd_SilverAve_AM_060413.txt,Bayshore Blvd -- Silver Ave / San Francisco  CA,x,Tue  Jun 04 2013,07:35-08:35,38,224,23,34,191,22,73,789,215,172,228,128,31,32,90,3,3,4,0,8,,
sf/BayshoreBlvd_SilverAve_PM_060413.txt,Bayshore Blvd -- Silver Ave / San Francisco  CA,x,Tue  Jun 04 2013,16:50-17:50,124,423,32,53,181,24,85,463,246,220,285,82,31,45,84,0,0,1,3,4,,
sf/Brannan St -- Division St_Potrero Ave_040913_AM.txt,Brannan St -- Division St / San Francisco  CA,x,Tue  Apr 09 2013,08:00-09:00,77,146,9,0,121,13,40,404,295,0,560,151,21,27,7,0,242,4,5,11,,
sf/Brannan St -- Division St_Potrero Ave_040913_PM.txt,Brannan St -- Division St / San Francisco  CA,x,Tue  Apr 09 2013,16:45-17:45,213,241,12,7,270,11,55,318,287,0,460,155,31,34,25,0,42,6,105,3,,
sf/HaightSt_MasonicAve_AM_052913.txt,Masonic Ave -- Haight St / San Francisco  CA,x,Wed  May 29 2013,07:55-08:55,89,337,42,47,159,18,90,619,6,32,153,45,106,88,110,72,26,0,4,13,,
sf/HaightSt_MasonicAve_PM_052913.txt,Masonic Ave -- Haight St / San Francisco  CA,x,Wed  May 29 2013,16:55-17:55,91,629,25,49,188,35,32,351,5,16,135,49,376,176,411,233,22,0,12,2,,
sf/Sunset_Taraval_AM_052913.txt,Sunset Blvd -- Taraval St / San Francisco  CA,x,Wed  May 29 2013,07:35-08:35,62,1760,0,34,166,51,72,1915,0,63,161,106,24,25,24,6,0,0,0,0,,
sf/Sunset_Taraval_PM_052913.txt,Sunset Blvd -- Taraval St / San Francisco  CA,x,Wed  May 29 2013,17:00-18:00,96,1601,0,45,183,47,122,1736,0,36,169,61,101,36,34,22,2,0,1,0,,
sf/TaravalSt_19thSt_AM_052913.txt,19th St -- Taraval St / San Francisco  CA,x,Wed  May 29 2013,07:35-08:35,57,2412,0,49,240,6,106,2292,0,64,242,1,98,30,40,91,0,0,1,0,,
sf/TaravalSt_19thSt_PM_052913.txt,19th St -- Taraval St / San Francisco  CA,x,Wed  May 29 2013,16:05-17:05,102,2388,0,53,282,6,96,2352,0,84,204,8,152,74,86,63,1,1,3,0,,
sf/TaravalSt_SunsetBlvd_AM_052913.txt,Sunset Blvd -- Taraval St / San Francisco  CA,x,Wed  May 29 2013,07:35-08:35,62,1760,0,34,166,51,72,1915,0,63,161,106,24,25,24,6,0,0,0,0,,
sf/TaravalSt_SunsetBlvd_PM_052913.txt,Sunset Blvd -- Taraval St / San Francisco  CA,x,Wed  May 29 2013,17:00-18:00,96,1601,0,45,183,47,122,1736,0,36,169,61,101,36,34,22,2,0,1,0,,
sf/USF_IMP_Traffic_appendix_01112012.txt,Arguello Blvd -- Fulton St / San Francisco  CA,x,Thu  Sep 08 2011,07:50-08:50,61,150,153,83,670,3,30,342,18,9,1025,76,26,48,15,33,1,33,1,25,,
sf/USF_IMP_Traffic_appendix_01112012.txt,Arguello Blvd -- Fulton St / San Francisco  CA,x,Thu  Sep 08 2011,16:50-17:50,154,316,206,76,917,14,23,145,20,14,760,56,17,50,20,14,0,17,0,28,,
sf/USF_IMP_Traffic_appendix_01112012.txt,Arguello Blvd -- Fulton St / San Francisco  CA,x,Wed  Sep 14 2011,07:40-08:40,61,136,156,91,656,6,39,362,9,13,1025,95,33,56,18,27,1,29,0,38,,
sf/USF_IMP_Traffic_appendix_01112012.txt,Arguello Blvd -- Fulton St / San Francisco  CA,x,Wed  Sep 14 2011,16:50-17:50,164,270,186,97,887,15,22,168,20,23,723,52,23,36,15,29,0,32,1,38,,
sf/USF_IMP_Traffic_appendix_01112012.txt,Arguello Blvd -- Geary Blvd / San Francisco  CA,x,Thu  Sep 08 2011,07:55-08:55,40,273,107,87,997,0,59,383,43,39,2229,2,61,313,67,29,1,24,2,32,,
sf/USF_IMP_Traffic_appendix_01112012.txt,Arguello Blvd -- Geary Blvd / San Francisco  CA,x,Thu  Sep 08 2011,16:55-17:55,91,434,110,136,1943,1,68,297,45,63,1431,1,151,252,123,74,8,34,3,18,,
sf/USF_IMP_Traffic_appendix_01112012.txt,Arguello Blvd -- Geary Blvd / San Francisco  CA,x,Thu  Sep 15 2011,07:45-08:45,46,248,116,78,985,0,79,378,27,46,1788,0,96,269,64,44,2,34,13,32,,
sf/USF_IMP_Traffic_appendix_01112012.txt,Arguello Blvd -- Geary Blvd / San Francisco  CA,x,Thu  Sep 15 2011,16:55-17:55,58,422,127,131,1967,0,75,299,53,83,1483,5,170,183,153,109,0,37,1,24,,
sf/USF_IMP_Traffic_appendix_01112012.txt,Arguello Blvd -- Turk Blvd / San Francisco  CA,x,Mon  Sep 12 2011,07:45-08:45,11,232,76,53,273,70,124,447,21,32,499,42,26,67,56,23,2,50,0,37,,
sf/USF_IMP_Traffic_appendix_01112012.txt,Arguello Blvd -- Turk Blvd / San Francisco  CA,x,Thu  Sep 08 2011,07:50-08:50,19,272,69,60,250,54,112,439,17,19,423,45,24,69,55,35,2,24,0,41,,
sf/USF_IMP_Traffic_appendix_01112012.txt,Arguello Blvd -- Turk Blvd / San Francisco  CA,x,Thu  Sep 08 2011,16:55-17:55,22,471,52,71,478,189,32,269,16,31,179,33,17,64,55,41,3,41,3,29,,
sf/USF_IMP_Traffic_appendix_01112012.txt,Arguello Blvd -- Turk Blvd / San Francisco  CA,x,Thu  Sep 15 2011,17:00-18:00,41,477,55,89,492,194,38,257,21,42,188,30,27,58,50,57,1,39,3,31,,
sf/USF_IMP_Traffic_appendix_01112012.txt,Chabot Ter -- Turk Blvd / San Francisco  CA,x,Thu  Sep 08 2011,07:40-08:40,0,0,0,0,504,11,10,0,23,12,533,1,32,32,23,109,0,0,0,0,,
sf/USF_IMP_Traffic_appendix_01112012.txt,Chabot Ter -- Turk Blvd / San Francisco  CA,x,Thu  Sep 08 2011,16:55-17:55,0,0,0,0,817,7,8,0,10,15,270,0,45,27,13,120,2,0,1,0,,
sf/USF_IMP_Traffic_appendix_01112012.txt,Chabot Terr -- Turk Blvd / San Francisco  CA,x,Thu  Sep 15 2011,07:40-08:40,0,0,0,0,503,10,10,0,21,19,599,1,66,41,34,129,1,0,0,0,,
sf/USF_IMP_Traffic_appendix_01112012.txt,Chabot Terr -- Turk Blvd / San Francisco  CA,x,Thu  Sep 15 2011,17:00-18:00,0,0,0,0,888,14,8,0,20,15,277,0,56,30,41,178,0,0,0,0,,
sf/USF_IMP_Traffic_appendix_01112012.txt,Masonic Ave -- Fell St / San Francisco  CA,x,Thu  Sep 08 2011,07:55-08:55,401,498,0,203,1237,121,0,1535,75,0,0,0,18,48,403,55,0,2,0,1,,
sf/USF_IMP_Traffic_appendix_01112012.txt,Masonic Ave -- Fell St / San Francisco  CA,x,Thu  Sep 08 2011,16:45-17:45,714,931,0,136,1883,219,0,878,4,0,0,0,21,48,381,59,0,0,0,1,,
sf/USF_IMP_Traffic_appendix_01112012.txt,Masonic Ave -- Fell St / San Francisco  CA,x,Thu  Sep 15 2011,07:50-08:50,417,460,0,233,1261,158,1,1483,61,0,0,0,29,43,429,0,0,1,0,1,,
sf/USF_IMP_Traffic_appendix_01112012.txt,Masonic Ave -- Fell St / San Francisco  CA,x,Thu  Sep 15 2011,17:00-18:00,703,940,0,151,1962,205,0,889,1,0,0,0,38,82,426,78,0,0,1,1,,
sf/USF_IMP_Traffic_appendix_01112012.txt,Masonic Ave -- Fulton St / San Francisco  CA,x,Thu  Sep 08 2011,07:55-08:55,71,872,2,26,209,21,45,1719,3,28,436,105,44,140,103,72,8,3,0,0,,
sf/USF_IMP_Traffic_appendix_01112012.txt,Masonic Ave -- Fulton St / San Francisco  CA,x,Thu  Sep 08 2011,17:00-18:00,142,1688,4,37,324,40,50,958,3,42,292,68,165,201,135,115,0,2,0,0,,
sf/USF_IMP_Traffic_appendix_01112012.txt,Masonic Ave -- Fulton St / San Francisco  CA,x,Wed  Sep 14 2011,07:50-08:50,86,856,4,43,232,17,54,1779,1,28,383,111,72,114,83,77,6,2,0,4,,
sf/USF_IMP_Traffic_appendix_01112012.txt,Masonic Ave -- Fulton St / San Francisco  CA,x,Wed  Sep 14 2011,16:55-17:55,134,1657,8,60,360,40,78,1011,1,37,289,68,140,131,118,114,4,4,3,4,,
sf/USF_IMP_Traffic_appendix_01112012.txt,Masonic Ave -- Geary Blvd / San Francisco  CA,x,Thu  Sep 08 2011,07:50-08:50,164,766,1,17,78,154,452,1335,71,43,237,194,83,56,64,41,1,2,0,4,,
sf/USF_IMP_Traffic_appendix_01112012.txt,Masonic Ave -- Geary Blvd / San Francisco  CA,x,Thu  Sep 08 2011,17:00-18:00,206,1270,0,24,150,399,202,782,83,138,140,141,173,5,71,79,2,2,2,2,,
sf/USF_IMP_Traffic_appendix_01112012.txt,Masonic Ave -- Geary Blvd / San Francisco  CA,x,Tue  Sep 13 2011,07:55-08:55,159,716,0,16,72,139,485,1325,89,3,153,179,73,56,65,58,0,0,0,2,,
sf/USF_IMP_Traffic_appendix_01112012.txt,Masonic Ave -- Geary Blvd / San Francisco  CA,x,Tue  Sep 13 2011,17:00-18:00,261,1214,0,24,152,379,208,763,94,9,119,162,247,123,102,137,0,2,5,1,,
sf/USF_IMP_Traffic_appendix_01112012.txt,Masonic Ave -- Golden Gate Ave / San Francisco  CA,x,10/14/2010,07:40-08:40,49,827,2,92,78,39,87,1676,1,38,152,10,64,73,40,43,15,3,0,2,,
sf/USF_IMP_Traffic_appendix_01112012.txt,Masonic Ave -- Golden Gate Ave / San Francisco  CA,x,10/14/2010,17:00-18:00,39,1712,23,39,62,35,61,1007,4,52,130,23,32,89,66,64,4,9,1,3,,
sf/USF_IMP_Traffic_appendix_01112012.txt,Masonic Ave -- Golden Gate Ave / San Francisco  CA,x,10/19/2010,07:40-08:40,43,924,5,81,86,44,91,1714,3,39,152,11,66,78,34,36,13,5,2,4,,
sf/USF_IMP_Traffic_appendix_01112012.txt,Masonic Ave -- Golden Gate Ave / San Francisco  CA,x,10/19/2010,17:00-18:00,37,1787,10,47,74,33,31,1054,6,60,116,18,34,104,62,64,10,10,3,3,,
sf/USF_IMP_Traffic_appendix_01112012.txt,Masonic Ave -- Turk Blvd / San Francisco  CA,x,10/14/2010,07:40-08:40,94,777,0,100,525,82,92,1695,1,28,407,100,62,70,25,71,1,3,0,3,,
sf/USF_IMP_Traffic_appendix_01112012.txt,Masonic Ave -- Turk Blvd / San Francisco  CA,x,10/14/2010,17:00-18:00,123,1557,1,68,720,182,47,1053,3,36,207,66,73,94,32,73,5,7,5,7,,
sf/USF_IMP_Traffic_appendix_01112012.txt,Masonic Ave -- Turk Blvd / San Francisco  CA,x,10/19/2010,07:40-08:40,112,844,0,78,468,98,98,1719,4,23,406,113,59,86,22,50,2,4,1,7,,
sf/USF_IMP_Traffic_appendix_01112012.txt,Masonic Ave -- Turk Blvd / San Francisco  CA,x,10/20/2010,17:00-18:00,138,1599,1,69,665,201,51,1017,1,54,188,67,67,75,28,101,1,12,2,7,,
sf/USF_IMP_Traffic_appendix_01112012.txt,Parker Ave -- Golden Gate Ave / San Francisco  CA,x,10/14/2010,07:40-08:40,0,171,113,70,0,45,131,151,1,0,0,0,36,60,92,122,0,1,0,0,,
sf/USF_IMP_Traffic_appendix_01112012.txt,Parker Ave -- Golden Gate Ave / San Francisco  CA,x,10/14/2010,16:25-17:25,0,226,80,88,0,71,78,142,2,0,2,0,74,130,141,219,2,4,0,5,,
sf/USF_IMP_Traffic_appendix_01112012.txt,Parker Ave -- Golden Gate Ave / San Francisco  CA,x,10/19/2010,07:45-08:45,0,138,111,76,0,43,113,164,1,0,0,0,58,65,79,139,0,0,0,1,,
sf/USF_IMP_Traffic_appendix_01112012.txt,Parker Ave -- Golden Gate Ave / San Francisco  CA,x,10/19/2010,16:25-17:25,0,250,91,89,0,71,79,147,2,0,0,0,89,128,151,223,0,2,0,2,,
sf/USF_IMP_Traffic_appendix_01112012.txt,Parker Ave -- Turk Blvd / San Francisco  CA,x,10/14/2010,07:40-08:40,26,139,45,62,402,43,27,144,32,96,488,43,17,12,25,42,0,0,0,0,,
sf/USF_IMP_Traffic_appendix_01112012.txt,Parker Ave -- Turk Blvd / San Francisco  CA,x,10/14/2010,17:00-18:00,33,189,43,65,735,41,30,132,56,79,235,24,54,79,54,88,3,3,2,3,,
sf/USF_IMP_Traffic_appendix_01112012.txt,Parker Ave -- Turk Blvd / San Francisco  CA,x,10/19/2010,07:45-08:45,29,118,46,71,433,31,23,155,44,91,490,63,37,16,17,54,1,0,1,1,,
sf/USF_IMP_Traffic_appendix_01112012.txt,Parker Ave -- Turk Blvd / San Francisco  CA,x,10/19/2010,17:00-18:00,70,210,47,89,838,38,38,122,52,91,249,20,65,61,57,79,3,1,1,0,,
sf/USF_IMP_Traffic_appendix_01112012.txt,Parker St -- Geary Blvd / San Francisco  CA,x,Thu  Sep 08 2011,07:45-08:45,33,125,80,40,1016,0,39,152,46,40,2333,0,55,32,43,24,2,2,0,0,,
sf/USF_IMP_Traffic_appendix_01112012.txt,Parker St -- Geary Blvd / San Francisco  CA,x,Thu  Sep 08 2011,16:55-17:55,54,244,57,46,2002,0,55,98,50,37,1450,0,43,35,86,41,6,0,6,0,,
sf/USF_IMP_Traffic_appendix_01112012.txt,Parker St -- Geary Blvd / San Francisco  CA,x,Wed  Sep 14 2011,07:50-08:50,29,113,76,46,954,0,53,166,42,13,1878,0,17,29,13,18,6,1,0,1,,
sf/USF_IMP_Traffic_appendix_01112012.txt,Parker St -- Geary Blvd / San Francisco  CA,x,Wed  Sep 14 2011,16:55-17:55,57,228,58,40,1963,0,52,115,55,41,1354,0,0,0,0,0,5,4,6,1,,
sf/USF_IMP_Traffic_appendix_01112012.txt,Stanyan St -- Fulton St / San Francisco  CA,x,Thu  Sep 08 2011,07:45-08:45,8,322,39,16,290,8,48,392,454,570,587,2,28,34,59,37,0,5,1,2,,
sf/USF_IMP_Traffic_appendix_01112012.txt,Stanyan St -- Fulton St / San Francisco  CA,x,Thu  Sep 08 2011,17:00-18:00,22,484,21,30,462,6,38,406,524,612,379,1,49,86,77,48,0,3,0,2,,
sf/USF_IMP_Traffic_appendix_01112012.txt,Stanyan St -- Fulton St / San Francisco  CA,x,Wed  Sep 14 2011,07:50-08:50,10,291,42,25,290,10,57,378,462,677,519,1,57,37,47,44,0,2,0,1,,
sf/USF_IMP_Traffic_appendix_01112012.txt,Stanyan St -- Fulton St / San Francisco  CA,x,Wed  Sep 14 2011,16:45-17:45,8,475,18,38,460,6,43,407,527,584,389,0,55,62,73,64,1,0,0,1,,
sf/USF_IMP_Traffic_appendix_01112012.txt,Stanyan St -- John F Kennedy Dr / San Francisco  CA,x,Thu  Sep 08 2011,16:50-17:50,250,782,266,2,2227,7,36,649,0,89,1490,0,96,186,57,72,1,0,94,0,,
sf/USF_IMP_Traffic_appendix_01112012.txt,Stanyan St -- John F Kennedy Dr / San Francisco  CA,x,Tue  Sep 13 2011,07:50-08:50,89,708,300,3,1246,0,22,790,0,31,2173,1,66,23,36,64,7,1,1,3,,
sf/USF_IMP_Traffic_appendix_01112012.txt,Stanyan St -- John F Kennedy Dr / San Francisco  CA,x,Tue  Sep 13 2011,17:00-18:00,267,760,280,4,2271,2,26,615,0,99,1430,0,110,195,32,105,4,0,82,2,,
sf/USF_IMP_Traffic_appendix_01112012.txt,Stanyan St -- Turk Blvd / San Francisco  CA,x,Thu  Sep 08 2011,07:45-08:45,6,204,44,32,326,56,55,307,28,37,557,30,17,27,57,25,7,2,0,3,,
sf/USF_IMP_Traffic_appendix_01112012.txt,Stanyan St -- Turk Blvd / San Francisco  CA,x,Thu  Sep 08 2011,16:55-17:55,21,386,31,32,683,80,45,342,37,52,239,9,32,30,73,40,5,3,2,3,,
sf/USF_IMP_Traffic_appendix_01112012.txt,Stanyan St -- Turk Blvd / San Francisco  CA,x,Thu  Sep 15 2011,07:35-08:35,35,327,41,41,378,60,81,364,29,39,208,15,64,2,43,33,0,1,0,1,,
sf/USF_IMP_Traffic_appendix_01112012.txt,Stanyan Street -- Turk Blvd / San Francisco  CA,x,Thu  Sep 15 2011,17:00-18:00,30,367,47,43,710,91,40,298,38,47,212,15,39,31,62,43,1,2,5,1,,
sf/USF_IMP_Traffic_appendix_01112012.txt,Stanyon St -- John F Kennedy Dr / San Francisco  CA,x,Thu  Sep 08 2011,07:50-08:50,115,628,293,1,1216,0,20,773,0,44,2130,0,82,98,41,101,177,2,5,0,,
sf/USF_IMP_Traffic_appendix_01112012.txt,Tamalpais Ter -- Turk Blvd / San Francisco  CA,x,10/14/2010,07:40-08:40,2,0,1,3,567,14,6,0,6,17,523,5,84,73,49,27,5,0,2,0,,
sf/USF_IMP_Traffic_appendix_01112012.txt,Tamalpais Ter -- Turk Blvd / San Francisco  CA,x,10/14/2010,16:50-17:50,4,2,0,1,836,14,7,1,6,12,305,6,56,21,26,18,6,0,6,0,,
sf/USF_IMP_Traffic_appendix_01112012.txt,Tamalpais Ter -- Turk Blvd / San Francisco  CA,x,10/19/2010,07:35-08:35,1,0,0,1,547,14,5,8,8,17,518,1,111,56,37,25,2,0,0,0,,
sf/USF_IMP_Traffic_appendix_01112012.txt,Tamalpais Ter -- Turk Blvd / San Francisco  CA,x,10/19/2010,16:55-17:55,2,1,4,0,949,12,8,1,6,15,310,1,88,28,34,19,4,0,2,0,,
