toronto/101king_vibration-report.txt,CHURCH ST AT KING ST (PX 16),x,2009-Apr-23,08:15-09:15,70,374,24,57,474,15,29,371,45,79,294,12,468,129,563,233,0,0,0,0,,
toronto/101king_vibration-report.txt,CHURCH ST AT KING ST (PX 16),x,2009-Apr-23,17:00-18:00,54,529,46,51,394,7,82,473,49,88,769,31,649,488,774,292,0,0,0,0,,
toronto/101king_vibration-report.txt,CHURCH ST AT KING ST (PX 16),x,2009-Apr-23,OFF HR,67,305,38,39,268,21,36,227,33,77,263,57,431,291,433,202,0,0,0,0,,
toronto/101king_vibration-report.txt,CHURCH ST AT KING ST (PX 16),x,2009-Apr-23,07:30-09:30,126,683,41,92,833,24,47,654,90,155,490,29,738,191,903,333,0,0,0,0,,
toronto/101king_vibration-report.txt,CHURCH ST AT KING ST (PX 16),x,2009-Apr-23,16:00-18:00,104,882,83,89,690,13,137,825,94,175,73,43,1173,774,1283,455,0,0,0,0,,
toronto/101king_vibration-report.txt,CHURCH ST AT KING ST (PX 16),x,2009-Apr-23,07:30-18:00,496,124,275,335,193,121,327,95,318,637,253,300,3633,2129,3918,1597,0,0,0,0,,
toronto/266-322-king-traffic-impact-study.txt,ADELAIDE ST AT DUNCAN ST,x,2010-Jul-28,08:00-09:00,0,26,71,0,0,0,40,27,0,21,58,89,96,75,104,105,43,1,9,111,,
toronto/266-322-king-traffic-impact-study.txt,ADELAIDE ST AT DUNCAN ST,x,2010-Jul-28,17:00-18:00,0,57,63,0,0,0,56,68,0,33,41,45,275,156,159,141,15,8,36,63,,
toronto/266-322-king-traffic-impact-study.txt,ADELAIDE ST AT DUNCAN ST,x,2010-Jul-28,OFF HR,0,44,57,0,0,0,45,43,0,20,748,47,133,87,90,131,11,21,13,31,,
toronto/266-322-king-traffic-impact-study.txt,ADELAIDE ST AT DUNCAN ST,x,2010-Jul-28,07:30-09:30,0,52,130,0,0,0,76,58,0,42,98,150,167,130,174,193,73,5,17,189,,
toronto/266-322-king-traffic-impact-study.txt,ADELAIDE ST AT DUNCAN ST,x,2010-Jul-28,16:00-18:00,0,114,132,0,0,0,103,108,0,70,69,86,453,268,292,277,29,12,60,111,,
toronto/266-322-king-traffic-impact-study.txt,ADELAIDE ST AT DUNCAN ST,x,2010-Jul-28,07:30-18:00,0,342,489,0,0,0,359,339,0,190,271,423,1151,744,824,995,146,101,127,425,,
toronto/266-322-king-traffic-impact-study.txt,ADELAIDE ST AT SIMCOE ST,x,2009-Aug-10,08:15-09:15,0,130,94,0,0,0,0,0,0,100,48,0,70,79,232,348,0,0,0,0,,
toronto/266-322-king-traffic-impact-study.txt,ADELAIDE ST AT SIMCOE ST,x,2009-Aug-10,17:00-18:00,0,142,103,0,0,0,0,0,0,134,25,0,197,79,338,222,0,0,0,0,,
toronto/266-322-king-traffic-impact-study.txt,ADELAIDE ST AT SIMCOE ST,x,2009-Aug-10,OFF HR,0,96,57,0,0,0,0,0,0,63,757,0,124,36,183,181,0,0,0,0,,
toronto/266-322-king-traffic-impact-study.txt,ADELAIDE ST AT SIMCOE ST,x,2009-Aug-10,07:30-09:30,0,241,175,0,0,0,0,0,0,180,107,0,148,156,393,556,0,0,0,0,,
toronto/266-322-king-traffic-impact-study.txt,ADELAIDE ST AT SIMCOE ST,x,2009-Aug-10,16:00-18:00,0,269,208,0,0,0,0,0,0,228,48,0,344,143,531,442,0,0,0,0,,
toronto/266-322-king-traffic-impact-study.txt,ADELAIDE ST AT SIMCOE ST,x,2009-Aug-10,07:30-18:00,0,895,612,0,0,0,0,0,0,658,289,0,987,442,1654,1720,0,0,0,0,,
toronto/266-322-king-traffic-impact-study.txt,DUNCAN ST AT KING ST,x,2009-Apr-01,08:15-09:15,30,0,21,40,320,0,0,0,0,0,457,12,507,17,0,6,0,0,0,0,,
toronto/266-322-king-traffic-impact-study.txt,DUNCAN ST AT KING ST,x,2009-Apr-01,17:00-18:00,44,0,16,47,429,0,0,0,0,0,483,14,1115,25,0,19,0,0,0,0,,
toronto/266-322-king-traffic-impact-study.txt,DUNCAN ST AT KING ST,x,2009-Apr-01,OFF HR,53,0,22,44,382,0,0,0,0,0,392,27,408,21,0,14,0,0,0,0,,
toronto/266-322-king-traffic-impact-study.txt,DUNCAN ST AT KING ST,x,2009-Apr-01,07:30-09:30,62,0,33,89,568,0,0,0,0,0,786,24,719,33,0,25,0,0,0,0,,
toronto/266-322-king-traffic-impact-study.txt,DUNCAN ST AT KING ST,x,2009-Apr-01,16:00-18:00,80,0,46,104,838,0,0,0,0,0,946,23,2170,50,0,42,0,0,0,0,,
toronto/266-322-king-traffic-impact-study.txt,DUNCAN ST AT KING ST,x,2009-Apr-01,07:30-18:00,354,0,165,369,105,0,0,0,0,0,80,152,4521,165,0,122,0,0,0,0,,
toronto/266-322-king-traffic-impact-study.txt,KING ST AT SIMCOE ST,x,2009-Mar-30,08:30-09:30,29,183,56,0,387,14,0,0,0,67,395,0,588,113,480,155,0,0,0,0,,
toronto/266-322-king-traffic-impact-study.txt,KING ST AT SIMCOE ST,x,2009-Mar-30,17:00-18:00,38,231,40,0,421,9,0,0,0,132,389,0,899,136,975,425,0,0,0,0,,
toronto/266-322-king-traffic-impact-study.txt,KING ST AT SIMCOE ST,x,2009-Mar-30,OFF HR,30,99,30,0,335,17,0,0,0,34,311,0,350,71,248,128,0,0,0,0,,
toronto/266-322-king-traffic-impact-study.txt,KING ST AT SIMCOE ST,x,2009-Mar-30,07:30-09:30,48,343,87,0,673,18,0,0,0,144,691,0,979,203,902,335,0,0,0,0,,
toronto/266-322-king-traffic-impact-study.txt,KING ST AT SIMCOE ST,x,2009-Mar-30,16:00-18:00,78,407,82,0,857,13,0,0,0,210,785,0,1391,272,1649,626,0,0,0,0,,
toronto/266-322-king-traffic-impact-study.txt,KING ST AT SIMCOE ST,x,2009-Mar-30,07:30-18:00,241,61,289,0,90,99,0,0,0,488,77,0,3768,760,3543,1471,0,0,0,0,,
toronto/266-322-king-traffic-impact-study.txt,JOHN ST AT WELLINGTON ST,x,2009-Apr-23,08:15-09:15,55,258,92,150,311,36,277,381,15,0,0,0,779,978,606,704,1,0,1,9,,
toronto/266-322-king-traffic-impact-study.txt,JOHN ST AT WELLINGTON ST,x,2009-Apr-23,17:00-18:00,130,340,24,287,806,178,24,457,29,0,0,0,451,832,317,332,0,0,0,0,,
toronto/266-322-king-traffic-impact-study.txt,JOHN ST AT WELLINGTON ST,x,2009-Apr-23,OFF HR,36,240,19,122,277,52,52,244,14,0,0,0,286,421,176,342,1,0,0,0,,
toronto/266-322-king-traffic-impact-study.txt,JOHN ST AT WELLINGTON ST,x,2009-Apr-23,07:30-09:30,96,391,140,265,545,88,403,596,24,0,0,0,1135,1494,809,1089,4,0,1,11,,
toronto/266-322-king-traffic-impact-study.txt,JOHN ST AT WELLINGTON ST,x,2009-Apr-23,16:00-18:00,228,673,40,520,23,295,54,722,75,0,0,0,891,1464,509,653,0,0,0,0,,
toronto/266-322-king-traffic-impact-study.txt,JOHN ST AT WELLINGTON ST,x,2009-Apr-23,07:30-18:00,467,45,256,63,123,590,665,54,154,0,0,0,3171,4642,2022,3109,6,1,1,12,,
toronto/266-322-king-traffic-impact-study.txt,SIMCOE ST AT WELLINGTON ST,x,2009-Nov-26,08:30-09:30,127,197,0,0,591,172,0,0,0,43,0,0,395,164,570,723,0,0,0,0,,
toronto/266-322-king-traffic-impact-study.txt,SIMCOE ST AT WELLINGTON ST,x,2009-Nov-26,17:00-18:00,86,566,0,0,574,241,0,0,0,207,0,0,351,305,709,421,0,0,0,0,,
toronto/266-322-king-traffic-impact-study.txt,SIMCOE ST AT WELLINGTON ST,x,2009-Nov-26,OFF HR,91,190,0,0,333,104,0,0,0,63,0,0,315,95,373,303,0,0,0,0,,
toronto/266-322-king-traffic-impact-study.txt,SIMCOE ST AT WELLINGTON ST,x,2009-Nov-26,07:30-09:30,249,349,0,0,44,292,0,0,0,72,0,0,723,351,1063,1383,0,0,0,0,,
toronto/266-322-king-traffic-impact-study.txt,SIMCOE ST AT WELLINGTON ST,x,2009-Nov-26,16:00-18:00,176,50,0,0,1008,455,0,0,0,454,0,0,704,642,1312,912,0,0,0,0,,
toronto/266-322-king-traffic-impact-study.txt,SIMCOE ST AT WELLINGTON ST,x,2009-Nov-26,07:30-18:00,788,133,0,0,137,133,0,0,0,776,0,0,2685,1372,3865,3506,0,0,0,0,,
toronto/28bathurst_noise.txt,BATHURST ST AT FRONT ST (PX 297),x,2010-Jan-27,08:30-09:30,0,440,221,126,0,105,502,51,0,0,0,0,34,36,0,0,0,0,0,0,,
toronto/28bathurst_noise.txt,BATHURST ST AT FRONT ST (PX 297),x,2010-Jan-27,17:00-18:00,0,780,160,219,0,470,107,724,0,0,0,0,38,16,0,0,0,0,0,0,,
toronto/28bathurst_noise.txt,BATHURST ST AT FRONT ST (PX 297),x,2010-Jan-27,OFF HR,0,422,137,138,0,117,117,516,0,0,0,0,11,10,0,0,0,0,0,0,,
toronto/28bathurst_noise.txt,BATHURST ST AT FRONT ST (PX 297),x,2010-Jan-27,07:30-09:30,0,871,427,230,0,179,947,108,0,0,0,0,71,58,0,0,0,0,0,0,,
toronto/28bathurst_noise.txt,BATHURST ST AT FRONT ST (PX 297),x,2010-Jan-27,16:00-18:00,0,66,299,427,0,836,188,53,0,0,0,0,59,27,1,0,0,0,0,0,,
toronto/28bathurst_noise.txt,BATHURST ST AT FRONT ST (PX 297),x,2010-Jan-27,07:30-18:00,0,294,37,47,0,37,60,329,0,0,0,0,174,126,1,0,0,0,0,0,,
toronto/333king_noisereport.txt,FRONT ST AT PARLIAMENT ST (PX 244),x,2011-Nov-08,08:00-09:00,64,263,20,49,843,134,141,360,125,59,212,59,30,148,49,39,0,0,0,0,,
toronto/333king_noisereport.txt,FRONT ST AT PARLIAMENT ST (PX 244),x,2011-Nov-08,16:30-17:30,56,422,33,11,200,151,127,239,60,175,836,62,31,115,52,71,0,0,0,0,,
toronto/333king_noisereport.txt,FRONT ST AT PARLIAMENT ST (PX 244),x,2011-Nov-08,OFF HR,68,238,34,27,265,74,66,300,73,61,227,47,31,47,58,55,0,0,0,0,,
toronto/333king_noisereport.txt,FRONT ST AT PARLIAMENT ST (PX 244),x,2011-Nov-08,07:30-09:30,118,471,41,69,36,221,248,701,223,103,380,86,56,265,78,70,0,0,0,0,,
toronto/333king_noisereport.txt,FRONT ST AT PARLIAMENT ST (PX 244),x,2011-Nov-08,16:00-18:00,89,763,51,25,374,248,206,465,106,301,43,108,46,194,90,116,0,0,0,0,,
toronto/333king_noisereport.txt,FRONT ST AT PARLIAMENT ST (PX 244),x,2011-Nov-08,07:30-18:00,475,280,224,202,110,764,719,187,619,644,131,382,224,648,401,407,0,0,0,0,,
toronto/333king_noisereport.txt,KING ST AT SHERBOURNE ST (PX 254),x,2010-Aug-10,08:30-09:30,48,350,29,71,323,8,31,287,24,11,168,17,244,111,218,47,68,112,43,24,,
toronto/333king_noisereport.txt,KING ST AT SHERBOURNE ST (PX 254),x,2010-Aug-10,17:00-18:00,66,426,40,58,277,7,26,334,27,28,420,7,219,106,172,71,78,43,60,102,,
toronto/333king_noisereport.txt,KING ST AT SHERBOURNE ST (PX 254),x,2010-Aug-10,OFF HR,85,279,30,52,209,18,28,225,23,17,169,25,173,107,188,74,26,30,17,19,,
toronto/333king_noisereport.txt,KING ST AT SHERBOURNE ST (PX 254),x,2010-Aug-10,07:30-09:30,89,647,44,105,611,9,58,521,48,28,277,18,485,221,378,100,128,181,75,35,,
toronto/333king_noisereport.txt,KING ST AT SHERBOURNE ST (PX 254),x,2010-Aug-10,16:00-18:00,116,809,65,122,520,11,50,619,50,64,770,11,379,228,353,161,113,75,114,165,,
toronto/333king_noisereport.txt,KING ST AT SHERBOURNE ST (PX 254),x,2010-Aug-10,07:30-18:00,543,183,230,436,130,94,220,163,189,159,78,129,1556,876,1484,557,345,374,256,275,,
toronto/50bloor_noisereport.txt,BLOOR ST AT YONGE ST (PX 40),x,2009-Aug-12,08:00-09:00,6,715,0,7,598,0,3,344,0,1,444,0,721,469,514,248,0,0,0,0,,
toronto/50bloor_noisereport.txt,BLOOR ST AT YONGE ST (PX 40),x,2009-Aug-12,17:00-18:00,10,591,0,3,543,0,6,531,0,3,644,0,1236,1342,982,1245,0,0,0,0,,
toronto/50bloor_noisereport.txt,BLOOR ST AT YONGE ST (PX 40),x,2009-Aug-12,OFF HR,28,441,0,29,471,0,40,355,0,27,420,0,948,984,635,642,0,0,0,0,,
toronto/50bloor_noisereport.txt,BLOOR ST AT YONGE ST (PX 40),x,2009-Aug-12,07:30-09:30,21,55,0,12,44,0,17,622,0,4,892,0,1237,827,846,396,0,0,0,0,,
toronto/50bloor_noisereport.txt,BLOOR ST AT YONGE ST (PX 40),x,2009-Aug-12,16:00-18:00,20,26,0,7,24,0,8,985,0,8,29,0,2571,2593,1912,2481,0,0,0,0,,
toronto/50bloor_noisereport.txt,BLOOR ST AT YONGE ST (PX 40),x,2009-Aug-12,07:30-18:00,152,192,0,136,136,0,185,160,0,120,190,0,7598,7355,5297,5446,0,0,0,0,,
toronto/50bloor_noisereport.txt,BAY ST AT BLOOR ST (PX 70),x,2009-Jul-30,08:30-09:30,72,512,38,64,445,90,19,549,27,200,387,51,571,358,252,1061,13,42,0,0,,
toronto/50bloor_noisereport.txt,BAY ST AT BLOOR ST (PX 70),x,2009-Jul-30,17:00-18:00,33,387,14,72,475,172,28,982,54,134,782,57,1532,800,872,1625,0,28,0,0,,
toronto/50bloor_noisereport.txt,BAY ST AT BLOOR ST (PX 70),x,2009-Jul-30,OFF HR,76,394,46,77,396,70,27,670,44,111,515,45,1093,493,498,685,1,24,0,0,,
toronto/50bloor_noisereport.txt,BAY ST AT BLOOR ST (PX 70),x,2009-Jul-30,07:30-09:30,140,993,88,133,843,172,32,918,72,335,743,78,846,642,533,1882,28,74,0,0,,
toronto/50bloor_noisereport.txt,BAY ST AT BLOOR ST (PX 70),x,2009-Jul-30,16:00-18:00,57,773,41,148,874,350,48,55,106,298,31,133,3213,1583,1640,2830,0,85,0,0,,
toronto/50bloor_noisereport.txt,BAY ST AT BLOOR ST (PX 70),x,2009-Jul-30,07:30-18:00,499,174,312,587,135,801,190,244,350,40,156,388,8430,4198,4165,7453,30,256,0,0,,
toronto/80bloor_noise-study.txt,BAY ST AT BLOOR ST (PX 70),x,2011-Nov-26,08:15-09:15,33,394,42,40,433,68,20,435,7,63,385,24,309,237,200,323,0,0,0,3,,
toronto/80bloor_noise-study.txt,BAY ST AT BLOOR ST (PX 70),x,2011-Nov-26,16:00-17:00,47,445,54,46,383,45,12,581,13,24,165,24,970,1225,1257,1611,0,0,0,0,,
toronto/80bloor_noise-study.txt,BAY ST AT BLOOR ST (PX 70),x,2011-Nov-26,OFF HR,35,322,57,54,309,37,16,519,31,33,273,30,609,696,879,835,0,0,0,5,,
toronto/80bloor_noise-study.txt,BAY ST AT BLOOR ST (PX 70),x,2011-Nov-26,07:30-09:30,55,748,75,68,776,143,23,757,31,120,669,44,525,412,368,529,0,0,2,11,,
toronto/80bloor_noise-study.txt,BAY ST AT BLOOR ST (PX 70),x,2011-Nov-26,16:00-18:00,89,733,108,80,717,69,25,34,90,49,482,38,2083,2986,2642,3128,0,0,0,0,,
toronto/80bloor_noise-study.txt,BAY ST AT BLOOR ST (PX 70),x,2011-Nov-26,07:30-18:00,283,132,411,362,79,358,112,210,246,302,125,202,5043,6182,6524,6996,0,0,2,30,,
toronto/Traffic Report_3100 Keele.txt,KEELE ST AT SHEPPARD AVE (PX 600),x,2010-Dec-15,08:15-09:15,51,989,138,52,421,218,347,43,207,176,795,124,50,32,50,53,1,0,1,1,,
toronto/Traffic Report_3100 Keele.txt,KEELE ST AT SHEPPARD AVE (PX 600),x,2010-Dec-15,17:00-18:00,43,45,73,82,36,412,180,42,394,262,700,72,26,67,64,17,0,0,0,0,,
toronto/Traffic Report_3100 Keele.txt,KEELE ST AT SHEPPARD AVE (PX 600),x,2010-Dec-15,OFF HR,52,918,107,68,394,251,230,880,224,172,380,92,54,32,47,22,0,0,0,1,,
toronto/Traffic Report_3100 Keele.txt,KEELE ST AT SHEPPARD AVE (PX 600),x,2010-Dec-15,07:30-09:30,94,83,240,78,812,378,625,82,403,391,77,212,75,56,79,60,1,0,1,1,,
toronto/Traffic Report_3100 Keele.txt,KEELE ST AT SHEPPARD AVE (PX 600),x,2010-Dec-15,16:00-18:00,100,85,174,146,81,785,372,85,704,470,47,179,73,143,127,56,0,0,0,1,,
toronto/Traffic Report_3100 Keele.txt,KEELE ST AT SHEPPARD AVE (PX 600),x,2010-Dec-15,07:30-18:00,402,373,843,496,261,105,108,358,38,49,216,757,363,325,393,203,1,0,2,4,,
toronto/Traffic Report_3100 Keele.txt,DIANA DR AT KEELE ST (PX 1548),x,2011-Oct-19,08:00-09:00,13,59,0,0,0,0,0,76,10,28,0,21,6,0,5,33,0,0,0,0,,
toronto/Traffic Report_3100 Keele.txt,DIANA DR AT KEELE ST (PX 1548),x,2011-Oct-19,16:15-17:15,45,102,0,0,0,0,0,91,20,9,0,21,31,0,33,42,16,0,0,0,,
toronto/Traffic Report_3100 Keele.txt,DIANA DR AT KEELE ST (PX 1548),x,2011-Oct-19,OFF HR,18,117,0,0,0,0,0,1062,16,13,0,13,19,0,3,28,5,0,0,0,,
toronto/Traffic Report_3100 Keele.txt,DIANA DR AT KEELE ST (PX 1548),x,2011-Oct-19,07:30-09:30,27,139,0,0,0,0,0,152,18,52,0,33,23,0,7,49,1,0,0,0,,
toronto/Traffic Report_3100 Keele.txt,DIANA DR AT KEELE ST (PX 1548),x,2011-Oct-19,16:00-18:00,86,199,0,0,0,0,0,150,33,18,0,35,77,0,42,57,19,0,0,0,,
toronto/Traffic Report_3100 Keele.txt,DIANA DR AT KEELE ST (PX 1548),x,2011-Oct-19,07:30-18:00,184,805,0,0,0,0,0,713,116,121,0,121,176,0,59,217,41,0,0,0,,
toronto/York-Bay-Yonge Interchange ESR - App E.txt,BREMNER BLVD AT SPADINA AVE,x,2008-Aug-06,08:30-09:30,18,70,122,104,10,311,124,79,46,49,22,30,288,110,5,236,0,0,0,0,,
toronto/York-Bay-Yonge Interchange ESR - App E.txt,BREMNER BLVD AT SPADINA AVE,x,2008-Aug-06,17:00-18:00,20,57,98,80,36,756,220,41,49,31,12,25,424,163,0,271,0,0,0,0,,
toronto/York-Bay-Yonge Interchange ESR - App E.txt,BREMNER BLVD AT SPADINA AVE,x,2008-Aug-06,OFF HR,15,82,70,69,11,282,140,88,33,27,9,21,183,65,7,126,0,0,0,0,,
toronto/York-Bay-Yonge Interchange ESR - App E.txt,BREMNER BLVD AT SPADINA AVE,x,2008-Aug-06,07:30-09:30,38,119,190,170,24,746,230,131,103,113,43,56,708,185,7,457,0,0,0,0,,
toronto/York-Bay-Yonge Interchange ESR - App E.txt,BREMNER BLVD AT SPADINA AVE,x,2008-Aug-06,16:00-18:00,33,101,180,168,73,37,390,84,85,73,30,52,788,243,5,483,0,0,0,0,,
toronto/York-Bay-Yonge Interchange ESR - App E.txt,BREMNER BLVD AT SPADINA AVE,x,2008-Aug-06,07:30-18:00,130,548,648,614,140,99,57,569,320,293,109,191,2226,687,38,1442,0,0,0,0,,
toronto/York-Bay-Yonge Interchange ESR - App E.txt,BREMNER BLVD AT REES ST,x,2009-Apr-23,08:15-09:15,0,0,0,0,160,27,251,0,464,277,128,0,0,93,19,40,0,0,0,0,,
toronto/York-Bay-Yonge Interchange ESR - App E.txt,BREMNER BLVD AT REES ST,x,2009-Apr-23,17:00-18:00,0,0,0,0,199,29,112,2,310,545,125,0,0,105,69,128,0,0,0,0,,
toronto/York-Bay-Yonge Interchange ESR - App E.txt,BREMNER BLVD AT REES ST,x,2009-Apr-23,OFF HR,0,0,0,0,117,31,68,0,133,200,130,0,0,38,24,30,0,0,0,0,,
toronto/York-Bay-Yonge Interchange ESR - App E.txt,BREMNER BLVD AT REES ST,x,2009-Apr-23,07:30-09:30,0,0,0,0,276,54,462,0,746,520,266,0,0,142,40,60,0,0,0,0,,
toronto/York-Bay-Yonge Interchange ESR - App E.txt,BREMNER BLVD AT REES ST,x,2009-Apr-23,16:00-18:00,0,0,0,0,362,78,172,2,505,897,271,0,0,176,107,181,0,0,0,0,,
toronto/York-Bay-Yonge Interchange ESR - App E.txt,BREMNER BLVD AT REES ST,x,2009-Apr-23,07:30-18:00,0,0,0,0,1103,257,907,2,115,105,1054,0,0,468,244,362,0,0,0,0,,
toronto/York-Bay-Yonge Interchange ESR - App E.txt,BREMNER BLVD AT LOWER SIMCOE ST,x,2009-Apr-23,08:30-09:30,0,0,0,0,70,21,111,0,145,51,261,0,0,18,51,46,0,0,0,0,,
toronto/York-Bay-Yonge Interchange ESR - App E.txt,BREMNER BLVD AT LOWER SIMCOE ST,x,2009-Apr-23,17:00-18:00,0,0,0,0,96,35,87,0,122,89,164,0,0,43,146,72,0,2,0,0,,
toronto/York-Bay-Yonge Interchange ESR - App E.txt,BREMNER BLVD AT LOWER SIMCOE ST,x,2009-Apr-23,OFF HR,0,0,0,0,66,24,82,0,56,42,139,0,0,15,59,29,0,0,0,0,,
toronto/York-Bay-Yonge Interchange ESR - App E.txt,BREMNER BLVD AT LOWER SIMCOE ST,x,2009-Apr-23,07:30-09:30,0,0,0,0,123,39,216,0,226,114,484,0,0,37,98,75,0,1,0,0,,
toronto/York-Bay-Yonge Interchange ESR - App E.txt,BREMNER BLVD AT LOWER SIMCOE ST,x,2009-Apr-23,16:00-18:00,0,0,0,0,178,52,141,0,201,167,257,0,0,78,244,130,0,2,0,0,,
toronto/York-Bay-Yonge Interchange ESR - App E.txt,BREMNER BLVD AT LOWER SIMCOE ST,x,2009-Apr-23,07:30-18:00,0,0,0,0,564,188,681,0,646,446,193,0,0,174,579,322,0,3,0,0,,
toronto/York-Bay-Yonge Interchange ESR - App E.txt,BREMNER BLVD AT YORK ST,x,2009-Apr-22,07:30-08:30,40,610,13,6,8,10,5,46,36,64,14,231,74,26,77,234,0,0,0,0,,
toronto/York-Bay-Yonge Interchange ESR - App E.txt,BREMNER BLVD AT YORK ST,x,2009-Apr-22,17:00-18:00,32,787,5,5,8,2,6,623,80,24,7,164,57,44,171,259,0,0,0,0,,
toronto/York-Bay-Yonge Interchange ESR - App E.txt,BREMNER BLVD AT YORK ST,x,2009-Apr-22,OFF HR,41,834,9,10,7,5,9,840,39,54,6,141,26,9,49,53,0,0,0,0,,
toronto/York-Bay-Yonge Interchange ESR - App E.txt,BREMNER BLVD AT YORK ST,x,2009-Apr-22,07:30-09:30,89,58,22,11,14,19,9,92,80,104,31,530,142,43,135,490,0,0,0,0,,
toronto/York-Bay-Yonge Interchange ESR - App E.txt,BREMNER BLVD AT YORK ST,x,2009-Apr-22,16:00-18:00,58,80,7,10,13,2,7,48,119,66,10,309,110,70,256,424,0,0,0,0,,
toronto/York-Bay-Yonge Interchange ESR - App E.txt,BREMNER BLVD AT YORK ST,x,2009-Apr-22,07:30-18:00,307,296,65,62,53,38,51,292,356,385,65,91,356,147,588,1125,0,0,0,0,,
toronto/York-Bay-Yonge Interchange ESR - App E.txt,FRONT ST AT SPADINA AVE,x,2007-Jul-18,08:30-09:30,49,608,99,47,189,182,322,50,144,47,429,46,263,219,1,4,38,0,33,9,,
toronto/York-Bay-Yonge Interchange ESR - App E.txt,FRONT ST AT SPADINA AVE,x,2007-Jul-18,17:00-18:00,11,667,42,25,457,525,117,603,106,164,238,18,195,339,0,4,6,0,0,7,,
toronto/York-Bay-Yonge Interchange ESR - App E.txt,FRONT ST AT SPADINA AVE,x,2007-Jul-18,OFF HR,48,789,108,45,175,411,175,834,117,96,162,23,122,172,2,6,12,0,0,8,,
toronto/York-Bay-Yonge Interchange ESR - App E.txt,FRONT ST AT SPADINA AVE,x,2007-Jul-18,07:30-09:30,76,86,167,79,297,365,658,104,241,140,864,98,487,351,2,6,54,1,37,13,,
toronto/York-Bay-Yonge Interchange ESR - App E.txt,FRONT ST AT SPADINA AVE,x,2007-Jul-18,16:00-18:00,33,68,110,80,828,21,240,60,198,324,419,42,333,487,0,10,15,0,0,11,,
toronto/York-Bay-Yonge Interchange ESR - App E.txt,FRONT ST AT SPADINA AVE,x,2007-Jul-18,07:30-18:00,298,383,710,336,96,156,95,370,905,848,86,231,1307,1527,9,41,116,1,37,57,,
toronto/York-Bay-Yonge Interchange ESR - App E.txt,BLUE JAYS WAY AT FRONT ST,x,2007-May-28,08:00-09:00,98,134,63,51,269,81,279,345,23,35,772,95,355,235,190,9,6,15,31,0,,
toronto/York-Bay-Yonge Interchange ESR - App E.txt,BLUE JAYS WAY AT FRONT ST,x,2007-May-28,16:00-17:00,261,365,40,15,520,266,81,119,14,86,310,46,138,121,149,111,7,1,9,0,,
toronto/York-Bay-Yonge Interchange ESR - App E.txt,BLUE JAYS WAY AT FRONT ST,x,2007-May-28,OFF HR,114,183,64,27,384,129,92,121,23,32,318,79,280,161,92,25,3,3,9,0,,
toronto/York-Bay-Yonge Interchange ESR - App E.txt,BLUE JAYS WAY AT FRONT ST,x,2007-May-28,07:30-09:30,183,244,124,83,510,154,508,559,43,61,49,209,598,349,297,28,8,23,56,0,,
toronto/York-Bay-Yonge Interchange ESR - App E.txt,BLUE JAYS WAY AT FRONT ST,x,2007-May-28,16:00-18:00,484,732,46,17,992,500,150,230,26,158,648,103,340,394,415,271,14,1,12,2,,
toronto/York-Bay-Yonge Interchange ESR - App E.txt,BLUE JAYS WAY AT FRONT ST,x,2007-May-28,07:30-18:00,46,53,424,208,102,55,1025,59,160,348,166,624,2059,1388,1081,397,35,37,104,2,,
toronto/York-Bay-Yonge Interchange ESR - App E.txt,FRONT ST AT JOHN ST,x,2009-Apr-23,08:30-09:30,79,0,95,93,339,0,14,11,15,4,845,324,367,562,1910,683,0,0,0,0,,
toronto/York-Bay-Yonge Interchange ESR - App E.txt,FRONT ST AT JOHN ST,x,2009-Apr-23,17:00-18:00,282,0,152,116,989,0,58,29,95,8,661,115,925,1092,2018,1216,0,0,0,0,,
toronto/York-Bay-Yonge Interchange ESR - App E.txt,FRONT ST AT JOHN ST,x,2009-Apr-23,OFF HR,114,0,79,77,417,0,20,9,28,0,460,108,188,420,564,334,0,0,0,0,,
toronto/York-Bay-Yonge Interchange ESR - App E.txt,FRONT ST AT JOHN ST,x,2009-Apr-23,07:30-09:30,151,0,144,173,627,0,39,16,31,4,68,609,520,870,2432,1245,0,0,0,0,,
toronto/York-Bay-Yonge Interchange ESR - App E.txt,FRONT ST AT JOHN ST,x,2009-Apr-23,16:00-18:00,480,0,246,173,17,0,106,53,176,8,24,192,1103,1721,2711,1672,0,0,0,0,,
toronto/York-Bay-Yonge Interchange ESR - App E.txt,FRONT ST AT JOHN ST,x,2009-Apr-23,07:30-18:00,37,0,702,654,163,0,225,102,320,13,213,37,2374,4270,7399,4252,0,0,0,0,,
toronto/York-Bay-Yonge Interchange ESR - App E.txt,FRONT ST AT SIMCOE ST,x,2009-Apr-23,07:45-08:45,178,75,131,0,652,15,17,0,10,156,53,0,1902,930,2066,982,0,1,0,0,,
toronto/York-Bay-Yonge Interchange ESR - App E.txt,FRONT ST AT SIMCOE ST,x,2009-Apr-23,17:00-18:00,378,56,357,0,790,15,41,0,9,95,783,0,1036,840,1527,623,0,0,2,0,,
toronto/York-Bay-Yonge Interchange ESR - App E.txt,FRONT ST AT SIMCOE ST,x,2009-Apr-23,OFF HR,131,23,115,0,459,11,25,0,6,45,613,0,527,123,313,149,0,0,0,0,,
toronto/York-Bay-Yonge Interchange ESR - App E.txt,FRONT ST AT SIMCOE ST,x,2009-Apr-23,07:30-09:30,337,122,236,0,28,22,36,0,16,273,120,0,2781,1298,3075,1408,0,2,0,0,,
toronto/York-Bay-Yonge Interchange ESR - App E.txt,FRONT ST AT SIMCOE ST,x,2009-Apr-23,16:00-18:00,576,126,638,0,16,27,76,0,11,153,32,0,2225,1958,3938,1581,0,0,5,0,,
toronto/York-Bay-Yonge Interchange ESR - App E.txt,FRONT ST AT SIMCOE ST,x,2009-Apr-23,07:30-18:00,100,338,92,0,100,93,210,0,49,607,283,0,7113,3747,8264,3585,1,2,6,0,,
toronto/York-Bay-Yonge Interchange ESR - App E.txt,FRONT ST AT UNIVERSITY AVE & YORK ST,x,2009-Apr-22,08:15-09:15,0,583,0,56,328,0,31,440,346,94,398,43,613,1076,554,596,0,0,0,0,,
toronto/York-Bay-Yonge Interchange ESR - App E.txt,FRONT ST AT UNIVERSITY AVE & YORK ST,x,2009-Apr-22,17:00-18:00,0,791,0,124,442,0,44,319,479,130,380,78,411,487,460,418,0,0,0,0,,
toronto/York-Bay-Yonge Interchange ESR - App E.txt,FRONT ST AT UNIVERSITY AVE & YORK ST,x,2009-Apr-22,OFF HR,0,796,0,101,409,0,43,296,403,131,257,33,238,233,305,165,0,0,0,0,,
toronto/York-Bay-Yonge Interchange ESR - App E.txt,FRONT ST AT UNIVERSITY AVE & YORK ST,x,2009-Apr-22,07:30-09:30,0,26,0,112,647,0,71,809,669,188,744,86,1178,1562,909,950,0,0,0,0,,
toronto/York-Bay-Yonge Interchange ESR - App E.txt,FRONT ST AT UNIVERSITY AVE & YORK ST,x,2009-Apr-22,16:00-18:00,0,29,0,207,858,0,113,647,933,259,794,142,680,810,779,668,0,0,0,0,,
toronto/York-Bay-Yonge Interchange ESR - App E.txt,FRONT ST AT UNIVERSITY AVE & YORK ST,x,2009-Apr-22,07:30-18:00,0,167,0,721,145,0,353,149,101,966,46,361,2811,3304,2908,2276,0,0,0,0,,
toronto/York-Bay-Yonge Interchange ESR - App E.txt,BAY ST AT FRONT ST,x,2009-Apr-22,08:00-09:00,16,357,62,46,422,63,56,916,37,33,344,67,198,1826,607,253,0,0,0,0,,
toronto/York-Bay-Yonge Interchange ESR - App E.txt,BAY ST AT FRONT ST,x,2009-Apr-22,16:45-17:45,39,536,105,87,423,244,55,755,92,29,591,88,355,3070,1078,489,0,0,0,0,,
toronto/York-Bay-Yonge Interchange ESR - App E.txt,BAY ST AT FRONT ST,x,2009-Apr-22,OFF HR,58,393,70,64,263,63,45,558,50,54,387,120,164,160,293,18,0,0,0,0,,
toronto/York-Bay-Yonge Interchange ESR - App E.txt,BAY ST AT FRONT ST,x,2009-Apr-22,07:30-09:30,44,632,124,89,728,115,99,81,76,86,685,125,445,3062,814,322,0,0,0,0,,
toronto/York-Bay-Yonge Interchange ESR - App E.txt,BAY ST AT FRONT ST,x,2009-Apr-22,16:00-18:00,65,39,212,167,778,420,106,71,163,72,26,212,722,6085,2290,839,0,0,0,0,,
toronto/York-Bay-Yonge Interchange ESR - App E.txt,BAY ST AT FRONT ST,x,2009-Apr-22,07:30-18:00,343,224,617,509,151,788,385,262,435,373,181,818,1822,9785,4275,1233,0,0,0,0,,
toronto/York-Bay-Yonge Interchange ESR - App E.txt,FRONT ST AT YONGE ST,x,2009-Apr-22,08:30-09:30,88,221,27,0,0,0,120,871,192,36,394,95,459,209,538,235,0,0,0,0,,
toronto/York-Bay-Yonge Interchange ESR - App E.txt,FRONT ST AT YONGE ST,x,2009-Apr-22,17:00-18:00,124,441,43,0,0,0,112,541,130,74,625,84,577,493,1309,1025,0,0,0,0,,
toronto/York-Bay-Yonge Interchange ESR - App E.txt,FRONT ST AT YONGE ST,x,2009-Apr-22,OFF HR,99,317,41,0,0,0,119,500,144,51,384,101,234,121,257,224,0,0,0,0,,
toronto/York-Bay-Yonge Interchange ESR - App E.txt,FRONT ST AT YONGE ST,x,2009-Apr-22,07:30-09:30,194,470,47,0,0,0,263,61,389,79,694,162,946,414,1172,790,0,0,0,0,,
toronto/York-Bay-Yonge Interchange ESR - App E.txt,FRONT ST AT YONGE ST,x,2009-Apr-22,16:00-18:00,250,887,83,0,0,0,218,43,234,135,38,177,942,765,2495,1677,0,0,0,0,,
toronto/York-Bay-Yonge Interchange ESR - App E.txt,FRONT ST AT YONGE ST,x,2009-Apr-22,07:30-18:00,838,142,290,0,0,0,956,197,83,418,208,744,2823,1662,4696,3361,0,0,0,0,,
toronto/York-Bay-Yonge Interchange ESR - App E.txt,CHURCH ST AT FRONT ST & WELLINGTON ST,x,2009-Apr-23,08:30-09:30,175,161,91,150,33,19,32,296,16,26,440,205,390,196,344,316,0,0,0,0,,
toronto/York-Bay-Yonge Interchange ESR - App E.txt,CHURCH ST AT FRONT ST & WELLINGTON ST,x,2009-Apr-23,17:00-18:00,287,306,106,73,775,42,99,235,8,37,9,161,577,204,920,465,0,0,0,0,,
toronto/York-Bay-Yonge Interchange ESR - App E.txt,CHURCH ST AT FRONT ST & WELLINGTON ST,x,2009-Apr-23,OFF HR,151,122,79,78,432,27,41,118,18,43,418,166,199,159,386,193,0,0,0,0,,
toronto/York-Bay-Yonge Interchange ESR - App E.txt,CHURCH ST AT FRONT ST & WELLINGTON ST,x,2009-Apr-23,07:30-09:30,294,307,157,260,45,59,53,502,40,51,696,355,486,242,489,432,0,0,0,0,,
toronto/York-Bay-Yonge Interchange ESR - App E.txt,CHURCH ST AT FRONT ST & WELLINGTON ST,x,2009-Apr-23,16:00-18:00,391,464,198,137,32,75,142,366,46,96,29,299,697,244,1078,640,0,0,0,0,,
toronto/York-Bay-Yonge Interchange ESR - App E.txt,CHURCH ST AT FRONT ST & WELLINGTON ST,x,2009-Apr-23,07:30-18:00,92,24,668,706,137,239,359,35,156,315,174,52,1978,1122,3109,1844,0,0,0,0,,
toronto/York-Bay-Yonge Interchange ESR - App E.txt,FRONT ST AT JARVIS ST,x,2007-Jun-21,08:15-09:15,86,748,73,53,628,98,77,904,58,66,243,62,168,178,434,294,11,19,5,10,,
toronto/York-Bay-Yonge Interchange ESR - App E.txt,FRONT ST AT JARVIS ST,x,2007-Jun-21,16:15-17:15,83,804,39,64,378,41,96,699,64,86,550,75,145,139,455,387,1,2,7,11,,
toronto/York-Bay-Yonge Interchange ESR - App E.txt,FRONT ST AT JARVIS ST,x,2007-Jun-21,OFF HR,92,730,40,51,356,43,108,588,67,102,304,82,160,155,404,415,5,7,6,16,,
toronto/York-Bay-Yonge Interchange ESR - App E.txt,FRONT ST AT JARVIS ST,x,2007-Jun-21,07:30-09:30,166,71,118,92,62,171,134,60,110,118,451,118,290,326,683,448,13,30,7,21,,
toronto/York-Bay-Yonge Interchange ESR - App E.txt,FRONT ST AT JARVIS ST,x,2007-Jun-21,16:00-18:00,151,81,65,102,688,61,164,19,106,147,28,119,255,233,800,692,1,3,11,25,,
toronto/York-Bay-Yonge Interchange ESR - App E.txt,FRONT ST AT JARVIS ST,x,2007-Jun-21,07:30-18:00,683,387,340,398,207,406,730,175,481,672,122,562,1184,1179,3098,2799,34,59,41,110,,
toronto/York-Bay-Yonge Interchange ESR - App E.txt,HARBOUR ST AT YORK ST,x,2009-Apr-21,08:30-09:30,0,153,110,0,0,0,375,562,0,25,47,12,20,6,50,342,0,0,0,0,,
toronto/York-Bay-Yonge Interchange ESR - App E.txt,HARBOUR ST AT YORK ST,x,2009-Apr-21,17:00-18:00,0,165,208,0,0,0,253,454,0,20,803,5,31,19,48,451,0,0,0,0,,
toronto/York-Bay-Yonge Interchange ESR - App E.txt,HARBOUR ST AT YORK ST,x,2009-Apr-21,OFF HR,0,135,190,0,0,0,199,605,0,12,320,6,12,7,27,103,0,0,0,0,,
toronto/York-Bay-Yonge Interchange ESR - App E.txt,HARBOUR ST AT YORK ST,x,2009-Apr-21,07:30-09:30,0,302,217,0,0,0,698,43,0,39,92,39,34,12,102,635,0,0,0,0,,
toronto/York-Bay-Yonge Interchange ESR - App E.txt,HARBOUR ST AT YORK ST,x,2009-Apr-21,16:00-18:00,0,303,398,0,0,0,484,843,0,37,31,11,44,23,70,652,0,0,0,0,,
toronto/York-Bay-Yonge Interchange ESR - App E.txt,HARBOUR ST AT YORK ST,x,2009-Apr-21,07:30-18:00,0,108,75,0,0,0,111,200,0,124,236,72,126,63,279,1700,0,0,0,0,,
toronto/York-Bay-Yonge Interchange ESR - App E.txt,BAY ST AT HARBOUR ST,x,2009-Apr-21,08:00-09:00,0,206,78,0,0,0,36,286,0,194,770,734,3,203,125,1078,0,0,0,0,,
toronto/York-Bay-Yonge Interchange ESR - App E.txt,BAY ST AT HARBOUR ST,x,2009-Apr-21,17:00-18:00,0,198,188,0,0,0,28,229,0,78,731,512,20,170,93,907,0,0,0,0,,
toronto/York-Bay-Yonge Interchange ESR - App E.txt,BAY ST AT HARBOUR ST,x,2009-Apr-21,OFF HR,0,155,112,0,0,0,17,164,0,68,397,401,12,52,39,263,0,0,0,0,,
toronto/York-Bay-Yonge Interchange ESR - App E.txt,BAY ST AT HARBOUR ST,x,2009-Apr-21,07:30-09:30,0,374,161,0,0,0,57,470,0,318,82,54,20,285,188,1700,0,0,0,0,,
toronto/York-Bay-Yonge Interchange ESR - App E.txt,BAY ST AT HARBOUR ST,x,2009-Apr-21,16:00-18:00,0,378,359,0,0,0,56,410,0,159,39,937,32,305,132,1584,0,0,0,0,,
toronto/York-Bay-Yonge Interchange ESR - App E.txt,BAY ST AT HARBOUR ST,x,2009-Apr-21,07:30-18:00,0,137,970,0,0,0,182,207,0,750,259,245,98,799,474,4336,0,0,0,0,,
toronto/York-Bay-Yonge Interchange ESR - App E.txt,HARBOUR ST AT LAKE SHORE BLVD & YONGE ST,x,2009-Apr-21,08:00-09:00,0,207,0,0,0,0,31,122,0,51,548,26,2,243,39,228,0,0,0,0,,
toronto/York-Bay-Yonge Interchange ESR - App E.txt,HARBOUR ST AT LAKE SHORE BLVD & YONGE ST,x,2009-Apr-21,17:00-18:00,0,308,0,0,0,0,43,190,0,55,840,590,7,181,40,251,0,0,0,0,,
toronto/York-Bay-Yonge Interchange ESR - App E.txt,HARBOUR ST AT LAKE SHORE BLVD & YONGE ST,x,2009-Apr-21,OFF HR,0,186,0,0,0,0,36,155,0,49,438,528,6,121,19,85,0,0,0,0,,
toronto/York-Bay-Yonge Interchange ESR - App E.txt,HARBOUR ST AT LAKE SHORE BLVD & YONGE ST,x,2009-Apr-21,07:30-09:30,0,387,0,0,0,0,76,241,0,80,64,62,7,388,56,402,0,0,0,0,,
toronto/York-Bay-Yonge Interchange ESR - App E.txt,HARBOUR ST AT LAKE SHORE BLVD & YONGE ST,x,2009-Apr-21,16:00-18:00,0,536,0,0,0,0,84,369,0,117,31,21,13,295,46,460,0,0,0,0,,
toronto/York-Bay-Yonge Interchange ESR - App E.txt,HARBOUR ST AT LAKE SHORE BLVD & YONGE ST,x,2009-Apr-21,07:30-18:00,0,158,0,0,0,0,305,87,0,395,226,159,44,1166,178,1200,0,0,0,0,,
toronto/York-Bay-Yonge Interchange ESR - App E.txt,KING ST AT SPADINA AVE,x,2007-Jun-25,08:30-09:30,107,793,0,50,371,13,91,59,151,107,478,8,620,145,538,455,58,33,22,124,,
toronto/York-Bay-Yonge Interchange ESR - App E.txt,KING ST AT SPADINA AVE,x,2007-Jun-25,17:00-18:00,100,925,0,84,451,9,52,749,109,108,387,7,1045,317,585,636,50,131,55,52,,
toronto/York-Bay-Yonge Interchange ESR - App E.txt,KING ST AT SPADINA AVE,x,2007-Jun-25,OFF HR,88,930,0,65,267,69,95,874,116,90,321,33,363,192,322,268,25,34,18,54,,
toronto/York-Bay-Yonge Interchange ESR - App E.txt,KING ST AT SPADINA AVE,x,2007-Jun-25,07:30-09:30,170,72,0,84,633,14,170,111,235,164,803,13,943,227,819,654,91,57,38,227,,
toronto/York-Bay-Yonge Interchange ESR - App E.txt,KING ST AT SPADINA AVE,x,2007-Jun-25,16:00-18:00,191,58,0,152,893,26,124,58,246,196,665,12,1430,475,859,950,80,195,88,116,,
toronto/York-Bay-Yonge Interchange ESR - App E.txt,KING ST AT SPADINA AVE,x,2007-Jun-25,07:30-18:00,715,378,0,496,220,315,673,411,945,722,229,154,3823,1471,2965,2675,270,388,199,560,,
toronto/York-Bay-Yonge Interchange ESR - App E.txt,BLUE JAYS WAY AT KING ST & PETER ST,x,2009-Apr-23,08:30-09:30,21,148,20,26,298,12,130,374,60,46,458,5,190,135,318,58,0,0,0,0,,
toronto/York-Bay-Yonge Interchange ESR - App E.txt,BLUE JAYS WAY AT KING ST & PETER ST,x,2009-Apr-23,17:00-18:00,51,255,24,63,470,6,94,274,68,79,449,7,139,147,286,41,0,0,0,0,,
toronto/York-Bay-Yonge Interchange ESR - App E.txt,BLUE JAYS WAY AT KING ST & PETER ST,x,2009-Apr-23,OFF HR,31,166,20,34,312,37,99,227,43,49,302,21,175,102,140,35,0,0,0,0,,
toronto/York-Bay-Yonge Interchange ESR - App E.txt,BLUE JAYS WAY AT KING ST & PETER ST,x,2009-Apr-23,07:30-09:30,36,274,31,45,543,15,212,655,97,87,817,8,422,269,573,81,0,0,0,0,,
toronto/York-Bay-Yonge Interchange ESR - App E.txt,BLUE JAYS WAY AT KING ST & PETER ST,x,2009-Apr-23,16:00-18:00,98,488,44,114,935,18,196,482,125,136,771,8,241,215,450,59,0,0,0,0,,
toronto/York-Bay-Yonge Interchange ESR - App E.txt,BLUE JAYS WAY AT KING ST & PETER ST,x,2009-Apr-23,07:30-18:00,256,72,152,292,263,179,802,92,394,420,233,98,1361,891,1583,278,0,0,0,0,,
toronto/York-Bay-Yonge Interchange ESR - App E.txt,JOHN ST AT KING ST,x,2007-Jun-25,08:30-09:30,39,172,14,30,295,14,60,223,33,57,448,16,484,422,371,138,0,0,0,0,,
toronto/York-Bay-Yonge Interchange ESR - App E.txt,JOHN ST AT KING ST,x,2007-Jun-25,17:00-18:00,58,310,25,35,423,20,56,335,46,78,426,10,545,211,685,161,0,0,0,0,,
toronto/York-Bay-Yonge Interchange ESR - App E.txt,JOHN ST AT KING ST,x,2007-Jun-25,OFF HR,47,170,14,35,299,49,39,165,33,65,277,30,260,421,421,182,0,0,0,0,,
toronto/York-Bay-Yonge Interchange ESR - App E.txt,JOHN ST AT KING ST,x,2007-Jun-25,07:30-09:30,52,338,26,58,547,16,99,391,62,145,792,21,847,760,703,211,0,0,0,0,,
toronto/York-Bay-Yonge Interchange ESR - App E.txt,JOHN ST AT KING ST,x,2007-Jun-25,16:00-18:00,99,597,41,77,788,35,100,601,102,143,710,14,809,453,1070,318,0,0,0,0,,
toronto/York-Bay-Yonge Interchange ESR - App E.txt,JOHN ST AT KING ST,x,2007-Jun-25,07:30-18:00,335,169,124,273,268,244,352,93,298,544,251,157,2696,2895,3456,1257,0,0,0,0,,
toronto/York-Bay-Yonge Interchange ESR - App E.txt,KING ST AT SIMCOE ST,x,2007-Jul-17,08:00-09:00,41,209,29,0,351,5,0,0,0,105,314,0,986,177,1096,332,36,56,9,117,,
toronto/York-Bay-Yonge Interchange ESR - App E.txt,KING ST AT SIMCOE ST,x,2007-Jul-17,16:45-17:45,39,330,73,0,790,11,0,0,0,55,830,0,2328,310,1991,436,6,62,2,52,,
toronto/York-Bay-Yonge Interchange ESR - App E.txt,KING ST AT SIMCOE ST,x,2007-Jul-17,OFF HR,35,137,36,0,376,31,0,0,0,48,330,0,933,203,841,291,11,43,6,40,,
toronto/York-Bay-Yonge Interchange ESR - App E.txt,KING ST AT SIMCOE ST,x,2007-Jul-17,07:30-09:30,78,343,57,0,696,15,0,0,0,185,584,0,1530,282,1810,481,68,97,14,187,,
toronto/York-Bay-Yonge Interchange ESR - App E.txt,KING ST AT SIMCOE ST,x,2007-Jul-17,16:00-18:00,79,583,125,0,55,20,0,0,0,135,51,0,3468,514,3562,743,20,164,10,106,,
toronto/York-Bay-Yonge Interchange ESR - App E.txt,KING ST AT SIMCOE ST,x,2007-Jul-17,07:30-18:00,300,63,326,0,263,158,0,0,0,514,225,0,8731,1608,8737,2389,130,434,46,454,,
toronto/York-Bay-Yonge Interchange ESR - App E.txt,KING ST AT UNIVERSITY AVE,x,2009-Apr-23,08:00-09:00,28,655,183,88,273,0,37,803,16,46,396,2,326,401,362,362,0,0,0,0,,
toronto/York-Bay-Yonge Interchange ESR - App E.txt,KING ST AT UNIVERSITY AVE,x,2009-Apr-23,17:00-18:00,15,789,4,51,479,1,10,572,12,9,446,2,263,383,601,232,0,0,0,0,,
toronto/York-Bay-Yonge Interchange ESR - App E.txt,KING ST AT UNIVERSITY AVE,x,2009-Apr-23,OFF HR,43,846,52,58,259,26,23,677,13,35,307,33,276,177,521,181,0,0,0,0,,
toronto/York-Bay-Yonge Interchange ESR - App E.txt,KING ST AT UNIVERSITY AVE,x,2009-Apr-23,07:30-09:30,60,63,350,156,462,13,66,91,22,86,644,15,587,606,556,593,0,0,0,0,,
toronto/York-Bay-Yonge Interchange ESR - App E.txt,KING ST AT UNIVERSITY AVE,x,2009-Apr-23,16:00-18:00,21,50,7,118,804,4,33,33,23,15,805,7,490,728,945,388,0,0,0,0,,
toronto/York-Bay-Yonge Interchange ESR - App E.txt,KING ST AT UNIVERSITY AVE,x,2009-Apr-23,07:30-18:00,250,434,564,503,208,120,188,407,98,238,223,153,2182,2043,3585,1705,0,0,0,0,,
toronto/York-Bay-Yonge Interchange ESR - App E.txt,KING ST AT YORK ST,x,2009-Apr-23,08:15-09:15,0,0,0,224,316,0,86,645,39,0,572,18,550,487,618,428,0,0,0,0,,
toronto/York-Bay-Yonge Interchange ESR - App E.txt,KING ST AT YORK ST,x,2009-Apr-23,17:00-18:00,0,0,0,129,401,0,144,478,70,0,544,3,563,971,728,470,0,0,0,0,,
toronto/York-Bay-Yonge Interchange ESR - App E.txt,KING ST AT YORK ST,x,2009-Apr-23,OFF HR,0,0,0,126,319,0,132,416,55,0,362,39,411,337,447,248,0,0,0,0,,
toronto/York-Bay-Yonge Interchange ESR - App E.txt,KING ST AT YORK ST,x,2009-Apr-23,07:30-09:30,0,0,0,404,567,0,164,78,65,0,964,34,915,921,985,816,0,0,0,0,,
toronto/York-Bay-Yonge Interchange ESR - App E.txt,KING ST AT YORK ST,x,2009-Apr-23,16:00-18:00,0,0,0,244,746,0,306,867,130,0,978,4,1161,1984,1212,906,0,0,0,0,,
toronto/York-Bay-Yonge Interchange ESR - App E.txt,KING ST AT YORK ST,x,2009-Apr-23,07:30-18:00,0,0,0,36,87,0,998,227,416,0,129,193,3721,4254,3984,2714,0,0,0,0,,
toronto/York-Bay-Yonge Interchange ESR - App E.txt,BAY ST AT KING ST,x,2009-Apr-23,08:15-09:15,141,468,0,88,414,0,85,1027,0,167,562,0,409,775,765,931,0,0,0,0,,
toronto/York-Bay-Yonge Interchange ESR - App E.txt,BAY ST AT KING ST,x,2009-Apr-23,17:00-18:00,128,713,0,86,422,0,69,747,0,25,42,0,492,910,925,1664,0,0,0,0,,
toronto/York-Bay-Yonge Interchange ESR - App E.txt,BAY ST AT KING ST,x,2009-Apr-23,OFF HR,128,629,0,44,347,0,96,599,0,131,541,0,389,432,549,526,0,0,0,0,,
toronto/York-Bay-Yonge Interchange ESR - App E.txt,BAY ST AT KING ST,x,2009-Apr-23,07:30-09:30,226,861,0,184,805,0,178,75,0,298,944,0,664,1588,1293,1807,0,0,0,0,,
toronto/York-Bay-Yonge Interchange ESR - App E.txt,BAY ST AT KING ST,x,2009-Apr-23,16:00-18:00,241,57,0,150,767,0,159,60,0,55,82,0,1135,2215,1870,4245,0,0,0,0,,
toronto/York-Bay-Yonge Interchange ESR - App E.txt,BAY ST AT KING ST,x,2009-Apr-23,07:30-18:00,975,314,0,509,259,1,723,279,0,872,333,0,3353,5529,5359,8157,0,0,0,0,,
toronto/York-Bay-Yonge Interchange ESR - App E.txt,KING ST AT YONGE ST,x,2007-Aug-08,08:30-09:30,146,625,0,45,416,0,43,624,0,70,297,1,919,882,992,759,0,33,8,0,,
toronto/York-Bay-Yonge Interchange ESR - App E.txt,KING ST AT YONGE ST,x,2007-Aug-08,17:00-18:00,77,675,0,41,346,0,27,538,0,120,589,2,310,1451,1227,754,3,1,0,0,,
toronto/York-Bay-Yonge Interchange ESR - App E.txt,KING ST AT YONGE ST,x,2007-Aug-08,OFF HR,109,621,0,48,300,0,60,493,0,83,286,1,630,820,741,733,0,11,5,0,,
toronto/York-Bay-Yonge Interchange ESR - App E.txt,KING ST AT YONGE ST,x,2007-Aug-08,07:30-09:30,268,67,0,91,771,0,86,54,0,154,454,2,1771,1559,1675,1604,0,78,21,1,,
toronto/York-Bay-Yonge Interchange ESR - App E.txt,KING ST AT YONGE ST,x,2007-Aug-08,16:00-18:00,171,54,0,81,649,0,62,957,0,236,66,2,730,2786,2284,1642,3,3,0,0,,
toronto/York-Bay-Yonge Interchange ESR - App E.txt,KING ST AT YONGE ST,x,2007-Aug-08,07:30-18:00,875,275,0,362,216,0,384,179,0,719,232,6,5022,7624,6921,6176,3,124,42,1,,
toronto/York-Bay-Yonge Interchange ESR - App E.txt,CHURCH ST AT KING ST,x,2009-Apr-23,08:15-09:15,70,374,24,57,474,15,29,371,45,79,294,12,468,129,563,233,0,0,0,0,,
toronto/York-Bay-Yonge Interchange ESR - App E.txt,CHURCH ST AT KING ST,x,2009-Apr-23,17:00-18:00,54,529,46,51,394,7,82,473,49,88,769,31,649,488,774,292,0,0,0,0,,
toronto/York-Bay-Yonge Interchange ESR - App E.txt,CHURCH ST AT KING ST,x,2009-Apr-23,OFF HR,67,305,38,39,268,21,36,227,33,77,263,57,431,291,433,202,0,0,0,0,,
toronto/York-Bay-Yonge Interchange ESR - App E.txt,CHURCH ST AT KING ST,x,2009-Apr-23,07:30-09:30,126,683,41,92,833,24,47,654,90,155,490,29,738,191,903,333,0,0,0,0,,
toronto/York-Bay-Yonge Interchange ESR - App E.txt,CHURCH ST AT KING ST,x,2009-Apr-23,16:00-18:00,104,882,83,89,690,13,137,825,94,175,73,43,1173,774,1283,455,0,0,0,0,,
toronto/York-Bay-Yonge Interchange ESR - App E.txt,CHURCH ST AT KING ST,x,2009-Apr-23,07:30-18:00,496,124,275,335,193,121,327,95,318,637,253,300,3633,2129,3918,1597,0,0,0,0,,
toronto/York-Bay-Yonge Interchange ESR - App E.txt,JARVIS ST AT KING ST,x,2007-Jun-25,08:30-09:30,88,756,3,41,559,10,11,688,0,28,209,22,423,246,508,80,11,146,4,22,,
toronto/York-Bay-Yonge Interchange ESR - App E.txt,JARVIS ST AT KING ST,x,2007-Jun-25,17:00-18:00,31,919,0,43,650,1,8,559,0,42,630,2,998,251,312,72,30,117,4,68,,
toronto/York-Bay-Yonge Interchange ESR - App E.txt,JARVIS ST AT KING ST,x,2007-Jun-25,OFF HR,57,829,2,33,316,12,22,582,1,36,244,24,355,137,253,73,10,54,5,10,,
toronto/York-Bay-Yonge Interchange ESR - App E.txt,JARVIS ST AT KING ST,x,2007-Jun-25,07:30-09:30,161,49,4,78,1001,10,24,52,1,60,328,22,731,425,682,127,21,242,8,35,,
toronto/York-Bay-Yonge Interchange ESR - App E.txt,JARVIS ST AT KING ST,x,2007-Jun-25,16:00-18:00,71,23,0,82,1012,4,24,18,3,76,57,6,1466,354,524,184,38,198,10,108,,
toronto/York-Bay-Yonge Interchange ESR - App E.txt,JARVIS ST AT KING ST,x,2007-Jun-25,07:30-18:00,460,211,10,293,211,63,136,165,6,277,180,124,3615,1325,2216,602,99,654,39,181,,
toronto/York-Bay-Yonge Interchange ESR - App E.txt,LAKE SHORE BLVD AT SPADINA AVE,x,2009-Apr-21,07:45-08:45,947,105,219,621,0,0,34,121,0,79,83,39,0,110,3,22,0,0,0,0,,
toronto/York-Bay-Yonge Interchange ESR - App E.txt,LAKE SHORE BLVD AT SPADINA AVE,x,2009-Apr-21,17:00-18:00,31,93,356,296,0,0,57,201,0,86,33,19,0,190,15,40,0,0,0,0,,
toronto/York-Bay-Yonge Interchange ESR - App E.txt,LAKE SHORE BLVD AT SPADINA AVE,x,2009-Apr-21,OFF HR,1050,82,288,393,0,0,30,105,0,48,761,948,0,74,13,22,0,0,0,0,,
toronto/York-Bay-Yonge Interchange ESR - App E.txt,LAKE SHORE BLVD AT SPADINA AVE,x,2009-Apr-21,07:30-09:30,64,183,429,25,0,0,51,257,0,128,175,90,0,206,16,44,0,0,0,0,,
toronto/York-Bay-Yonge Interchange ESR - App E.txt,LAKE SHORE BLVD AT SPADINA AVE,x,2009-Apr-21,16:00-18:00,69,170,667,543,0,0,98,377,0,158,58,40,1,269,29,54,0,0,0,0,,
toronto/York-Bay-Yonge Interchange ESR - App E.txt,LAKE SHORE BLVD AT SPADINA AVE,x,2009-Apr-21,07:30-18:00,372,681,74,108,0,0,267,1053,0,476,395,274,1,770,98,184,0,0,0,0,,
toronto/York-Bay-Yonge Interchange ESR - App E.txt,LAKE SHORE BLVD AT REES ST,x,2009-Apr-21,08:30-09:30,9,69,159,154,272,35,74,96,16,25,45,433,25,99,19,69,0,0,1,0,,
toronto/York-Bay-Yonge Interchange ESR - App E.txt,LAKE SHORE BLVD AT REES ST,x,2009-Apr-21,17:00-18:00,34,62,396,104,1015,42,59,58,25,27,22,290,12,108,15,188,0,0,0,0,,
toronto/York-Bay-Yonge Interchange ESR - App E.txt,LAKE SHORE BLVD AT REES ST,x,2009-Apr-21,OFF HR,18,50,124,53,280,17,28,55,10,19,781,77,15,64,10,45,0,0,0,0,,
toronto/York-Bay-Yonge Interchange ESR - App E.txt,LAKE SHORE BLVD AT REES ST,x,2009-Apr-21,07:30-09:30,27,138,333,242,482,49,155,175,25,31,82,846,33,176,32,95,0,0,2,0,,
toronto/York-Bay-Yonge Interchange ESR - App E.txt,LAKE SHORE BLVD AT REES ST,x,2009-Apr-21,16:00-18:00,73,114,641,208,38,83,101,112,41,40,37,400,26,199,24,260,0,0,0,1,,
toronto/York-Bay-Yonge Interchange ESR - App E.txt,LAKE SHORE BLVD AT REES ST,x,2009-Apr-21,07:30-18:00,172,452,40,657,122,202,367,504,105,145,258,33,119,631,96,533,0,0,3,2,,
toronto/York-Bay-Yonge Interchange ESR - App E.txt,LAKE SHORE BLVD AT LOWER SIMCOE ST,x,2009-Apr-21,08:30-09:30,15,70,191,155,274,25,74,109,5,11,29,445,9,89,13,98,0,0,1,0,,
toronto/York-Bay-Yonge Interchange ESR - App E.txt,LAKE SHORE BLVD AT LOWER SIMCOE ST,x,2009-Apr-21,17:00-18:00,27,70,390,112,26,30,58,65,20,14,17,113,16,104,12,162,0,0,0,0,,
toronto/York-Bay-Yonge Interchange ESR - App E.txt,LAKE SHORE BLVD AT LOWER SIMCOE ST,x,2009-Apr-21,OFF HR,18,49,125,78,274,24,36,62,10,18,879,72,11,75,11,54,0,0,0,0,,
toronto/York-Bay-Yonge Interchange ESR - App E.txt,LAKE SHORE BLVD AT LOWER SIMCOE ST,x,2009-Apr-21,07:30-09:30,25,151,383,238,510,56,144,186,15,17,64,809,12,195,28,148,0,0,2,0,,
toronto/York-Bay-Yonge Interchange ESR - App E.txt,LAKE SHORE BLVD AT LOWER SIMCOE ST,x,2009-Apr-21,16:00-18:00,63,131,681,201,44,63,119,130,31,33,38,216,25,225,31,243,0,0,0,1,,
toronto/York-Bay-Yonge Interchange ESR - App E.txt,LAKE SHORE BLVD AT LOWER SIMCOE ST,x,2009-Apr-21,07:30-18:00,158,476,43,749,130,212,408,562,81,124,309,45,80,718,102,605,0,0,3,2,,
toronto/York-Bay-Yonge Interchange ESR - App E.txt,LAKE SHORE BLVD AT YORK ST,x,2009-Apr-21,08:30-09:30,9,175,0,247,556,44,0,876,67,0,0,0,63,66,41,86,0,0,0,0,,
toronto/York-Bay-Yonge Interchange ESR - App E.txt,LAKE SHORE BLVD AT YORK ST,x,2009-Apr-21,17:00-18:00,72,142,0,155,20,56,0,554,116,0,0,0,37,63,48,141,0,0,0,0,,
toronto/York-Bay-Yonge Interchange ESR - App E.txt,LAKE SHORE BLVD AT YORK ST,x,2009-Apr-21,OFF HR,21,130,0,205,334,27,0,767,59,0,0,0,13,27,20,50,0,0,0,0,,
toronto/York-Bay-Yonge Interchange ESR - App E.txt,LAKE SHORE BLVD AT YORK ST,x,2009-Apr-21,07:30-09:30,23,319,0,609,959,96,0,90,170,0,0,0,123,107,73,196,0,0,0,0,,
toronto/York-Bay-Yonge Interchange ESR - App E.txt,LAKE SHORE BLVD AT YORK ST,x,2009-Apr-21,16:00-18:00,120,269,0,275,51,121,0,34,232,0,0,0,53,86,62,206,0,0,0,0,,
toronto/York-Bay-Yonge Interchange ESR - App E.txt,LAKE SHORE BLVD AT YORK ST,x,2009-Apr-21,07:30-18:00,226,1106,0,112,211,324,0,308,640,0,0,0,227,301,215,600,0,0,0,0,,
toronto/York-Bay-Yonge Interchange ESR - App E.txt,BAY ST AT LAKE SHORE BLVD W,x,2009-Apr-21,08:15-09:15,229,177,0,231,64,106,146,839,108,0,0,0,171,193,54,942,0,0,0,0,,
toronto/York-Bay-Yonge Interchange ESR - App E.txt,BAY ST AT LAKE SHORE BLVD W,x,2009-Apr-21,17:00-18:00,591,395,0,125,35,55,315,471,105,0,0,0,260,289,66,948,0,0,0,0,,
toronto/York-Bay-Yonge Interchange ESR - App E.txt,BAY ST AT LAKE SHORE BLVD W,x,2009-Apr-21,OFF HR,318,250,0,100,833,39,161,385,74,0,0,0,56,81,22,303,0,0,0,0,,
toronto/York-Bay-Yonge Interchange ESR - App E.txt,BAY ST AT LAKE SHORE BLVD W,x,2009-Apr-21,07:30-09:30,489,340,0,402,115,184,264,79,186,0,0,0,266,384,101,1624,0,0,0,0,,
toronto/York-Bay-Yonge Interchange ESR - App E.txt,BAY ST AT LAKE SHORE BLVD W,x,2009-Apr-21,16:00-18:00,30,728,0,214,80,100,549,844,215,0,0,0,396,545,124,1547,0,0,0,0,,
toronto/York-Bay-Yonge Interchange ESR - App E.txt,BAY ST AT LAKE SHORE BLVD W,x,2009-Apr-21,07:30-18:00,157,151,0,1015,458,439,58,302,697,0,0,0,886,1254,313,4382,0,0,0,0,,
toronto/York-Bay-Yonge Interchange ESR - App E.txt,LAKE SHORE BLVD N TCS AT YONGE ST,x,2009-Apr-21,08:00-09:00,213,141,0,276,51,135,0,992,76,0,0,0,179,296,185,495,0,0,0,0,,
toronto/York-Bay-Yonge Interchange ESR - App E.txt,LAKE SHORE BLVD N TCS AT YONGE ST,x,2009-Apr-21,17:00-18:00,465,241,0,27,24,98,0,615,95,0,0,0,91,140,63,500,0,0,0,0,,
toronto/York-Bay-Yonge Interchange ESR - App E.txt,LAKE SHORE BLVD N TCS AT YONGE ST,x,2009-Apr-21,OFF HR,307,134,0,36,604,77,0,580,65,0,0,0,53,160,33,62,0,0,0,0,,
toronto/York-Bay-Yonge Interchange ESR - App E.txt,LAKE SHORE BLVD N TCS AT YONGE ST,x,2009-Apr-21,07:30-09:30,461,272,0,454,105,242,0,98,128,0,0,0,270,406,254,679,0,0,0,0,,
toronto/York-Bay-Yonge Interchange ESR - App E.txt,LAKE SHORE BLVD N TCS AT YONGE ST,x,2009-Apr-21,16:00-18:00,977,416,0,44,47,162,0,41,186,0,0,0,199,336,157,859,0,0,0,0,,
toronto/York-Bay-Yonge Interchange ESR - App E.txt,LAKE SHORE BLVD N TCS AT YONGE ST,x,2009-Apr-21,07:30-18:00,226,141,0,641,359,712,0,265,574,0,0,0,679,1380,544,1784,0,0,0,0,,
toronto/York-Bay-Yonge Interchange ESR - App E.txt,LAKE SHORE BLVD AT LOWER JARVIS ST,x,2009-Apr-21,08:15-09:15,472,98,85,326,490,0,58,199,11,40,381,589,4,51,28,4,0,0,0,0,,
toronto/York-Bay-Yonge Interchange ESR - App E.txt,LAKE SHORE BLVD AT LOWER JARVIS ST,x,2009-Apr-21,17:00-18:00,567,94,124,488,668,0,105,180,67,37,829,539,4,64,31,0,0,0,0,0,,
toronto/York-Bay-Yonge Interchange ESR - App E.txt,LAKE SHORE BLVD AT LOWER JARVIS ST,x,2009-Apr-21,OFF HR,398,105,107,355,307,0,80,105,36,20,384,467,2,51,21,9,0,0,0,0,,
toronto/York-Bay-Yonge Interchange ESR - App E.txt,LAKE SHORE BLVD AT LOWER JARVIS ST,x,2009-Apr-21,07:30-09:30,13,188,145,630,840,0,105,361,22,76,792,32,5,76,49,5,0,0,0,0,,
toronto/York-Bay-Yonge Interchange ESR - App E.txt,LAKE SHORE BLVD AT LOWER JARVIS ST,x,2009-Apr-21,16:00-18:00,14,173,262,917,24,0,199,342,113,65,45,12,7,133,78,1,0,0,0,0,,
toronto/York-Bay-Yonge Interchange ESR - App E.txt,LAKE SHORE BLVD AT LOWER JARVIS ST,x,2009-Apr-21,07:30-18:00,51,781,831,233,202,0,621,90,277,220,264,92,21,412,210,41,0,0,0,0,,
toronto/York-Bay-Yonge Interchange ESR - App E.txt,QUEENS QUAY AT SPADINA AVE,x,2007-Jul-17,08:30-09:30,36,0,237,90,249,0,0,0,0,0,738,62,159,102,0,43,0,0,0,0,,
toronto/York-Bay-Yonge Interchange ESR - App E.txt,QUEENS QUAY AT SPADINA AVE,x,2007-Jul-17,17:00-18:00,74,0,172,138,404,0,0,0,0,0,387,76,178,39,0,48,0,0,0,0,,
toronto/York-Bay-Yonge Interchange ESR - App E.txt,QUEENS QUAY AT SPADINA AVE,x,2007-Jul-17,OFF HR,39,0,122,87,194,0,0,0,0,0,259,35,95,53,0,49,0,0,0,0,,
toronto/York-Bay-Yonge Interchange ESR - App E.txt,QUEENS QUAY AT SPADINA AVE,x,2007-Jul-17,07:30-09:30,71,0,361,170,388,0,0,0,0,0,51,127,269,194,0,95,0,0,0,0,,
toronto/York-Bay-Yonge Interchange ESR - App E.txt,QUEENS QUAY AT SPADINA AVE,x,2007-Jul-17,16:00-18:00,113,0,256,252,794,0,0,0,0,0,688,127,307,79,0,75,0,0,0,0,,
toronto/York-Bay-Yonge Interchange ESR - App E.txt,QUEENS QUAY AT SPADINA AVE,x,2007-Jul-17,07:30-18:00,339,0,1103,768,144,0,0,0,0,0,213,397,957,483,0,364,0,0,0,0,,
toronto/York-Bay-Yonge Interchange ESR - App E.txt,QUEENS QUAY AT REES ST & ROBERTSON CRES,x,2007-Sep-27,08:15-09:15,43,9,24,24,209,9,3,7,4,10,493,75,33,46,15,98,0,0,0,0,,
toronto/York-Bay-Yonge Interchange ESR - App E.txt,QUEENS QUAY AT REES ST & ROBERTSON CRES,x,2007-Sep-27,17:00-18:00,53,17,27,21,342,13,4,9,27,25,373,70,67,76,35,32,0,0,0,0,,
toronto/York-Bay-Yonge Interchange ESR - App E.txt,QUEENS QUAY AT REES ST & ROBERTSON CRES,x,2007-Sep-27,OFF HR,29,11,40,14,212,13,2,9,5,17,241,16,33,43,34,53,0,0,0,0,,
toronto/York-Bay-Yonge Interchange ESR - App E.txt,QUEENS QUAY AT REES ST & ROBERTSON CRES,x,2007-Sep-27,07:30-09:30,59,10,59,49,360,14,3,28,13,18,808,117,53,76,46,172,0,0,0,0,,
toronto/York-Bay-Yonge Interchange ESR - App E.txt,QUEENS QUAY AT REES ST & ROBERTSON CRES,x,2007-Sep-27,16:00-18:00,95,33,63,33,684,25,9,22,35,36,648,103,94,191,80,89,0,0,0,0,,
toronto/York-Bay-Yonge Interchange ESR - App E.txt,QUEENS QUAY AT REES ST & ROBERTSON CRES,x,2007-Sep-27,07:30-18:00,270,89,282,139,165,92,21,84,67,118,209,285,280,440,263,473,0,0,0,0,,
toronto/York-Bay-Yonge Interchange ESR - App E.txt,LOWER SIMCOE ST AT QUEENS QUAY,x,2009-Apr-23,08:15-09:15,30,0,87,48,275,68,0,0,0,0,628,45,173,66,0,70,0,0,0,0,,
toronto/York-Bay-Yonge Interchange ESR - App E.txt,LOWER SIMCOE ST AT QUEENS QUAY,x,2009-Apr-23,17:00-18:00,26,0,64,74,542,43,0,0,0,0,426,50,241,74,0,110,0,0,0,0,,
toronto/York-Bay-Yonge Interchange ESR - App E.txt,LOWER SIMCOE ST AT QUEENS QUAY,x,2009-Apr-23,OFF HR,22,0,33,43,268,60,0,0,0,0,282,28,98,47,0,69,0,0,0,0,,
toronto/York-Bay-Yonge Interchange ESR - App E.txt,LOWER SIMCOE ST AT QUEENS QUAY,x,2009-Apr-23,07:30-09:30,52,0,149,92,500,117,0,0,0,0,89,85,304,135,0,113,0,0,0,0,,
toronto/York-Bay-Yonge Interchange ESR - App E.txt,LOWER SIMCOE ST AT QUEENS QUAY,x,2009-Apr-23,16:00-18:00,49,0,100,151,950,86,0,0,0,0,721,80,363,148,0,186,0,0,0,0,,
toronto/York-Bay-Yonge Interchange ESR - App E.txt,LOWER SIMCOE ST AT QUEENS QUAY,x,2009-Apr-23,07:30-18:00,188,0,380,414,255,441,0,0,0,0,324,275,1060,469,0,575,0,0,0,0,,
toronto/York-Bay-Yonge Interchange ESR - App E.txt,QUEENS QUAY AT YORK ST,x,2009-Apr-22,08:30-09:30,77,15,100,185,343,12,13,39,29,29,514,126,115,45,125,241,0,0,0,0,,
toronto/York-Bay-Yonge Interchange ESR - App E.txt,QUEENS QUAY AT YORK ST,x,2009-Apr-22,16:45-17:45,85,25,51,158,544,11,25,20,39,22,420,81,140,66,344,435,0,0,0,0,,
toronto/York-Bay-Yonge Interchange ESR - App E.txt,QUEENS QUAY AT YORK ST,x,2009-Apr-22,OFF HR,68,14,72,99,292,11,12,23,14,12,286,75,88,39,215,157,0,0,0,0,,
toronto/York-Bay-Yonge Interchange ESR - App E.txt,QUEENS QUAY AT YORK ST,x,2009-Apr-22,07:30-09:30,159,28,175,299,605,21,25,88,42,43,958,261,199,86,242,406,0,0,0,0,,
toronto/York-Bay-Yonge Interchange ESR - App E.txt,QUEENS QUAY AT YORK ST,x,2009-Apr-22,16:00-18:00,164,40,92,283,961,22,39,41,69,42,726,155,250,98,642,713,0,0,0,0,,
toronto/York-Bay-Yonge Interchange ESR - App E.txt,QUEENS QUAY AT YORK ST,x,2009-Apr-22,07:30-18:00,596,123,553,976,254,85,111,218,166,129,322,713,799,340,1744,1746,0,0,0,0,,
toronto/York-Bay-Yonge Interchange ESR - App E.txt,BAY ST AT HARBOUR SQ & QUEENS QUAY,x,2009-Apr-22,08:15-09:15,225,12,148,150,409,16,25,35,5,13,484,101,149,191,90,136,0,0,0,0,,
toronto/York-Bay-Yonge Interchange ESR - App E.txt,BAY ST AT HARBOUR SQ & QUEENS QUAY,x,2009-Apr-22,16:45-17:45,110,32,130,111,503,29,12,10,2,6,466,89,210,184,166,210,0,0,0,0,,
toronto/York-Bay-Yonge Interchange ESR - App E.txt,BAY ST AT HARBOUR SQ & QUEENS QUAY,x,2009-Apr-22,OFF HR,98,19,101,94,275,16,15,17,2,5,287,57,108,118,161,115,0,0,0,0,,
toronto/York-Bay-Yonge Interchange ESR - App E.txt,BAY ST AT HARBOUR SQ & QUEENS QUAY,x,2009-Apr-22,07:30-09:30,394,27,253,251,748,28,42,69,5,23,845,174,265,344,177,289,0,0,0,0,,
toronto/York-Bay-Yonge Interchange ESR - App E.txt,BAY ST AT HARBOUR SQ & QUEENS QUAY,x,2009-Apr-22,16:00-18:00,208,56,234,213,873,72,37,22,5,18,748,142,319,333,319,329,0,0,0,0,,
toronto/York-Bay-Yonge Interchange ESR - App E.txt,BAY ST AT HARBOUR SQ & QUEENS QUAY,x,2009-Apr-22,07:30-18:00,994,160,889,839,152,165,141,157,17,59,235,544,1014,1148,1140,1079,0,0,0,0,,
toronto/York-Bay-Yonge Interchange ESR - App E.txt,QUEENS QUAY AT YONGE ST,x,2009-Apr-22,08:15-09:15,206,0,174,77,368,0,0,0,0,0,538,104,15,54,0,38,0,0,0,0,,
toronto/York-Bay-Yonge Interchange ESR - App E.txt,QUEENS QUAY AT YONGE ST,x,2009-Apr-22,17:00-18:00,258,0,168,100,539,0,0,0,0,0,558,69,205,76,0,63,0,0,0,0,,
toronto/York-Bay-Yonge Interchange ESR - App E.txt,QUEENS QUAY AT YONGE ST,x,2009-Apr-22,OFF HR,149,0,116,91,290,0,0,0,0,0,310,87,45,54,0,19,0,0,0,0,,
toronto/York-Bay-Yonge Interchange ESR - App E.txt,QUEENS QUAY AT YONGE ST,x,2009-Apr-22,07:30-09:30,366,0,275,124,670,0,0,0,0,0,918,191,52,93,0,51,0,0,0,0,,
toronto/York-Bay-Yonge Interchange ESR - App E.txt,QUEENS QUAY AT YONGE ST,x,2009-Apr-22,16:00-18:00,441,0,292,214,958,0,0,0,0,0,902,153,240,150,0,106,0,0,0,0,,
toronto/York-Bay-Yonge Interchange ESR - App E.txt,QUEENS QUAY AT YONGE ST,x,2009-Apr-22,07:30-18:00,115,0,1027,701,188,0,0,0,0,0,295,692,471,457,0,232,0,0,0,0,,
toronto/York-Bay-Yonge Interchange ESR - App E.txt,LOWER JARVIS ST AT QUEENS QUAY,x,2007-Jun-25,08:00-09:00,99,0,27,127,651,0,0,175,0,0,309,147,101,3,0,6,0,0,0,0,,
toronto/York-Bay-Yonge Interchange ESR - App E.txt,LOWER JARVIS ST AT QUEENS QUAY,x,2007-Jun-25,17:00-18:00,97,0,42,97,459,0,0,244,0,0,535,243,66,18,0,13,0,0,0,0,,
toronto/York-Bay-Yonge Interchange ESR - App E.txt,LOWER JARVIS ST AT QUEENS QUAY,x,2007-Jun-25,OFF HR,95,0,27,69,291,0,0,97,0,0,252,144,39,5,0,7,0,0,0,0,,
toronto/York-Bay-Yonge Interchange ESR - App E.txt,LOWER JARVIS ST AT QUEENS QUAY,x,2007-Jun-25,07:30-09:30,184,0,45,240,55,0,0,303,0,0,528,282,157,12,0,9,0,0,0,0,,
toronto/York-Bay-Yonge Interchange ESR - App E.txt,LOWER JARVIS ST AT QUEENS QUAY,x,2007-Jun-25,16:00-18:00,186,0,90,189,824,0,0,411,0,0,934,452,132,29,0,15,0,0,0,0,,
toronto/York-Bay-Yonge Interchange ESR - App E.txt,LOWER JARVIS ST AT QUEENS QUAY,x,2007-Jun-25,07:30-18:00,751,0,242,707,167,0,0,2,0,0,175,162,444,61,0,53,0,0,0,0,,
toronto/York-Bay-Yonge Interchange ESR - App E.txt,CLARENCE SQ AT SPADINA AVE & WELLINGTON ST,x,2009-Apr-23,08:30-09:30,51,632,0,65,0,0,10,41,0,112,0,0,98,61,59,116,0,0,0,0,,
toronto/York-Bay-Yonge Interchange ESR - App E.txt,CLARENCE SQ AT SPADINA AVE & WELLINGTON ST,x,2009-Apr-23,16:45-17:45,77,883,0,78,0,0,32,788,0,109,0,0,27,79,35,76,0,0,0,0,,
toronto/York-Bay-Yonge Interchange ESR - App E.txt,CLARENCE SQ AT SPADINA AVE & WELLINGTON ST,x,2009-Apr-23,OFF HR,49,615,0,58,0,0,18,724,0,88,0,0,23,37,13,64,0,0,0,0,,
toronto/York-Bay-Yonge Interchange ESR - App E.txt,CLARENCE SQ AT SPADINA AVE & WELLINGTON ST,x,2009-Apr-23,07:30-09:30,88,57,0,96,0,0,26,70,0,161,0,0,124,69,69,175,0,0,0,0,,
toronto/York-Bay-Yonge Interchange ESR - App E.txt,CLARENCE SQ AT SPADINA AVE & WELLINGTON ST,x,2009-Apr-23,16:00-18:00,154,79,0,158,0,0,54,69,0,209,0,0,66,133,58,151,0,0,0,0,,
toronto/York-Bay-Yonge Interchange ESR - App E.txt,CLARENCE SQ AT SPADINA AVE & WELLINGTON ST,x,2009-Apr-23,07:30-18:00,439,302,0,485,0,0,152,287,0,721,0,0,280,351,179,581,0,0,0,0,,
toronto/York-Bay-Yonge Interchange ESR - App E.txt,BLUE JAYS WAY AT WELLINGTON ST,x,2008-Feb-12,08:30-09:30,20,203,0,65,74,88,0,331,16,25,0,13,62,97,79,124,0,4,2,1,,
toronto/York-Bay-Yonge Interchange ESR - App E.txt,BLUE JAYS WAY AT WELLINGTON ST,x,2008-Feb-12,16:00-17:00,33,156,0,95,203,59,0,127,27,31,0,8,115,68,82,61,0,0,0,0,,
toronto/York-Bay-Yonge Interchange ESR - App E.txt,BLUE JAYS WAY AT WELLINGTON ST,x,2008-Feb-12,OFF HR,21,203,0,58,60,93,0,182,13,19,0,12,76,42,74,35,0,0,0,0,,
toronto/York-Bay-Yonge Interchange ESR - App E.txt,BLUE JAYS WAY AT WELLINGTON ST,x,2008-Feb-12,07:30-09:30,42,391,0,107,139,160,0,597,31,53,0,28,119,168,165,222,1,4,5,1,,
toronto/York-Bay-Yonge Interchange ESR - App E.txt,BLUE JAYS WAY AT WELLINGTON ST,x,2008-Feb-12,16:00-18:00,59,339,0,146,391,106,0,241,39,67,0,18,280,162,156,137,1,0,0,0,,
toronto/York-Bay-Yonge Interchange ESR - App E.txt,BLUE JAYS WAY AT WELLINGTON ST,x,2008-Feb-12,07:30-18:00,185,81,0,485,772,638,0,74,118,195,0,93,701,498,615,497,2,5,6,1,,
toronto/York-Bay-Yonge Interchange ESR - App E.txt,JOHN ST AT WELLINGTON ST,x,2009-Apr-23,08:15-09:15,55,258,92,150,311,36,277,381,15,0,0,0,779,978,606,704,1,0,1,9,,
toronto/York-Bay-Yonge Interchange ESR - App E.txt,JOHN ST AT WELLINGTON ST,x,2009-Apr-23,17:00-18:00,130,340,24,287,806,178,24,457,29,0,0,0,451,832,317,332,0,0,0,0,,
toronto/York-Bay-Yonge Interchange ESR - App E.txt,JOHN ST AT WELLINGTON ST,x,2009-Apr-23,OFF HR,36,240,19,122,277,52,52,244,14,0,0,0,286,421,176,342,1,0,0,0,,
toronto/York-Bay-Yonge Interchange ESR - App E.txt,JOHN ST AT WELLINGTON ST,x,2009-Apr-23,07:30-09:30,96,391,140,265,545,88,403,596,24,0,0,0,1135,1494,809,1089,4,0,1,11,,
toronto/York-Bay-Yonge Interchange ESR - App E.txt,JOHN ST AT WELLINGTON ST,x,2009-Apr-23,16:00-18:00,228,673,40,520,23,295,54,722,75,0,0,0,891,1464,509,653,0,0,0,0,,
toronto/York-Bay-Yonge Interchange ESR - App E.txt,JOHN ST AT WELLINGTON ST,x,2009-Apr-23,07:30-18:00,467,45,256,63,123,590,665,54,154,0,0,0,3171,4642,2022,3109,6,1,1,12,,
toronto/York-Bay-Yonge Interchange ESR - App E.txt,SIMCOE ST AT WELLINGTON ST,x,2007-Nov-12,08:00-09:00,154,98,0,0,464,94,0,0,0,24,0,0,404,197,301,519,5,5,3,4,,
toronto/York-Bay-Yonge Interchange ESR - App E.txt,SIMCOE ST AT WELLINGTON ST,x,2007-Nov-12,16:45-17:45,62,149,0,0,316,86,0,0,0,88,0,0,359,301,389,208,11,18,3,2,,
toronto/York-Bay-Yonge Interchange ESR - App E.txt,SIMCOE ST AT WELLINGTON ST,x,2007-Nov-12,OFF HR,59,91,0,0,264,73,0,0,0,30,0,0,116,51,44,50,4,7,2,5,,
toronto/York-Bay-Yonge Interchange ESR - App E.txt,SIMCOE ST AT WELLINGTON ST,x,2007-Nov-12,07:30-09:30,233,166,0,0,826,173,0,0,0,49,0,0,593,281,418,790,11,12,4,6,,
toronto/York-Bay-Yonge Interchange ESR - App E.txt,SIMCOE ST AT WELLINGTON ST,x,2007-Nov-12,16:00-18:00,121,280,0,0,609,191,0,0,0,173,0,0,610,497,695,395,17,29,4,9,,
toronto/York-Bay-Yonge Interchange ESR - App E.txt,SIMCOE ST AT WELLINGTON ST,x,2007-Nov-12,07:30-18:00,586,808,0,0,132,654,0,0,0,340,0,0,1666,983,1289,1383,42,70,15,35,,
toronto/York-Bay-Yonge Interchange ESR - App E.txt,UNIVERSITY AVE AT WELLINGTON ST,x,2009-May-15,08:00-09:00,161,754,0,143,574,109,0,698,109,0,0,0,784,902,579,762,0,0,0,0,,
toronto/York-Bay-Yonge Interchange ESR - App E.txt,UNIVERSITY AVE AT WELLINGTON ST,x,2009-May-15,17:00-18:00,82,785,0,263,605,125,0,519,59,0,0,0,612,1189,688,816,0,0,0,0,,
toronto/York-Bay-Yonge Interchange ESR - App E.txt,UNIVERSITY AVE AT WELLINGTON ST,x,2009-May-15,OFF HR,76,940,0,144,319,125,0,596,44,0,0,0,617,331,393,242,0,0,0,0,,
toronto/York-Bay-Yonge Interchange ESR - App E.txt,UNIVERSITY AVE AT WELLINGTON ST,x,2009-May-15,07:30-09:30,305,73,0,255,1031,206,0,74,216,0,0,0,1241,1383,886,1282,0,0,0,0,,
toronto/York-Bay-Yonge Interchange ESR - App E.txt,UNIVERSITY AVE AT WELLINGTON ST,x,2009-May-15,16:00-18:00,176,49,0,458,27,231,0,28,95,0,0,0,1167,2254,1176,1530,0,0,0,0,,
toronto/York-Bay-Yonge Interchange ESR - App E.txt,UNIVERSITY AVE AT WELLINGTON ST,x,2009-May-15,07:30-18:00,781,451,0,93,166,937,0,402,488,0,0,0,4874,4962,3632,3778,0,0,0,0,,
toronto/York-Bay-Yonge Interchange ESR - App E.txt,WELLINGTON ST AT YORK ST,x,2007-Nov-12,07:45-08:45,0,0,0,214,810,0,0,736,151,0,0,0,283,1059,466,429,2,0,2,1,,
toronto/York-Bay-Yonge Interchange ESR - App E.txt,WELLINGTON ST AT YORK ST,x,2007-Nov-12,17:00-18:00,0,0,0,178,810,0,0,347,60,0,0,0,185,891,284,430,0,0,0,0,,
toronto/York-Bay-Yonge Interchange ESR - App E.txt,WELLINGTON ST AT YORK ST,x,2007-Nov-12,OFF HR,0,0,0,203,434,0,0,357,51,0,0,0,138,137,137,69,0,0,0,0,,
toronto/York-Bay-Yonge Interchange ESR - App E.txt,WELLINGTON ST AT YORK ST,x,2007-Nov-12,07:30-09:30,0,0,0,450,135,0,0,148,236,0,0,0,469,1565,717,629,3,0,2,1,,
toronto/York-Bay-Yonge Interchange ESR - App E.txt,WELLINGTON ST AT YORK ST,x,2007-Nov-12,16:00-18:00,0,0,0,325,30,0,0,617,116,0,0,0,347,1781,577,886,0,1,0,0,,
toronto/York-Bay-Yonge Interchange ESR - App E.txt,WELLINGTON ST AT YORK ST,x,2007-Nov-12,07:30-18:00,0,0,0,228,352,0,0,322,555,0,0,0,1367,3892,1843,1790,3,1,2,1,,
toronto/York-Bay-Yonge Interchange ESR - App E.txt,BAY ST AT WELLINGTON ST,x,2005-Aug-03,08:00-09:00,175,461,0,134,36,124,0,693,195,0,0,0,545,2187,907,1820,28,43,11,1,,
toronto/York-Bay-Yonge Interchange ESR - App E.txt,BAY ST AT WELLINGTON ST,x,2005-Aug-03,17:00-18:00,121,726,0,194,923,222,0,611,83,0,0,0,667,1328,691,2337,22,37,9,5,,
toronto/York-Bay-Yonge Interchange ESR - App E.txt,BAY ST AT WELLINGTON ST,x,2005-Aug-03,OFF HR,137,570,0,89,507,111,0,490,72,0,0,0,400,564,575,549,42,22,16,6,,
toronto/York-Bay-Yonge Interchange ESR - App E.txt,BAY ST AT WELLINGTON ST,x,2005-Aug-03,07:30-09:30,317,867,0,235,64,216,0,78,324,0,0,0,843,3347,1419,2712,57,77,31,5,,
toronto/York-Bay-Yonge Interchange ESR - App E.txt,BAY ST AT WELLINGTON ST,x,2005-Aug-03,16:00-18:00,219,76,0,322,41,394,0,72,141,0,0,0,1428,2483,1378,4815,58,74,38,14,,
toronto/York-Bay-Yonge Interchange ESR - App E.txt,BAY ST AT WELLINGTON ST,x,2005-Aug-03,07:30-18:00,63,368,0,911,207,1053,0,282,753,0,0,0,3871,8085,5095,9723,283,240,131,43,,
toronto/York-Bay-Yonge Interchange ESR - App E.txt,WELLINGTON ST AT YONGE ST,x,2009-Apr-20,08:30-09:30,146,563,0,32,990,115,0,534,235,0,0,0,255,316,303,87,0,0,0,0,,
toronto/York-Bay-Yonge Interchange ESR - App E.txt,WELLINGTON ST AT YONGE ST,x,2009-Apr-20,16:00-17:00,139,492,0,16,812,197,0,513,132,0,0,0,40,37,44,37,0,0,0,0,,
toronto/York-Bay-Yonge Interchange ESR - App E.txt,WELLINGTON ST AT YONGE ST,x,2009-Apr-20,OFF HR,148,434,0,37,692,172,0,468,133,0,0,0,52,76,53,48,0,0,0,0,,
toronto/York-Bay-Yonge Interchange ESR - App E.txt,WELLINGTON ST AT YONGE ST,x,2009-Apr-20,07:30-09:30,300,34,0,47,41,251,0,32,480,0,0,0,457,663,440,156,0,0,0,0,,
toronto/York-Bay-Yonge Interchange ESR - App E.txt,WELLINGTON ST AT YONGE ST,x,2009-Apr-20,16:00-18:00,319,988,0,30,44,357,0,1000,252,0,0,0,73,66,81,68,0,0,0,0,,
toronto/York-Bay-Yonge Interchange ESR - App E.txt,WELLINGTON ST AT YONGE ST,x,2009-Apr-20,07:30-18:00,82,142,0,222,169,83,0,141,48,0,0,0,736,1034,732,414,0,0,0,0,,
toronto/a2a729_375117eafbf7413fb892c475990d9b23.txt,BARBER GREENE RD AT DON MILLS RD & GREEN BELT DR (PX 623),x,2011-Mar-17,08:00-09:00,129,120,297,63,19,125,30,725,118,87,24,36,72,98,49,33,1,2,1,0,,
toronto/a2a729_375117eafbf7413fb892c475990d9b23.txt,BARBER GREENE RD AT DON MILLS RD & GREEN BELT DR (PX 623),x,2011-Mar-17,17:00-18:00,105,85,71,310,17,240,61,116,114,102,20,154,27,32,25,12,0,0,0,0,,
toronto/a2a729_375117eafbf7413fb892c475990d9b23.txt,BARBER GREENE RD AT DON MILLS RD & GREEN BELT DR (PX 623),x,2011-Mar-17,OFF HR,94,831,56,52,12,68,35,811,107,102,14,99,22,18,19,18,1,0,1,0,,
toronto/a2a729_375117eafbf7413fb892c475990d9b23.txt,BARBER GREENE RD AT DON MILLS RD & GREEN BELT DR (PX 623),x,2011-Mar-17,07:30-09:30,253,244,510,120,32,233,48,146,232,151,36,69,129,132,79,60,1,3,2,0,,
toronto/a2a729_375117eafbf7413fb892c475990d9b23.txt,BARBER GREENE RD AT DON MILLS RD & GREEN BELT DR (PX 623),x,2011-Mar-17,16:00-18:00,195,162,125,552,43,378,129,276,197,208,40,313,70,69,55,30,2,0,0,0,,
toronto/a2a729_375117eafbf7413fb892c475990d9b23.txt,BARBER GREENE RD AT DON MILLS RD & GREEN BELT DR (PX 623),x,2011-Mar-17,07:30-18:00,821,717,855,876,125,883,313,792,856,765,129,774,286,274,211,162,6,3,5,1,,
toronto/a2a729_375117eafbf7413fb892c475990d9b23.txt,BARBER GREENE RD AT DON MILLS RD & GREEN BE,x,2008-Mar-17,08:00-09:00,85,57,189,53,20,90,43,53,71,85,48,98,51,33,58,70,0,1,1,0,,
toronto/a2a729_375117eafbf7413fb892c475990d9b23.txt,BARBER GREENE RD AT DON MILLS RD & GREEN BE,x,2008-Mar-17,16:30-17:30,57,35,42,111,30,23,66,59,114,132,58,205,47,51,61,86,0,2,0,0,,
toronto/a2a729_375117eafbf7413fb892c475990d9b23.txt,BARBER GREENE RD AT DON MILLS RD & GREEN BE,x,2008-Mar-17,OFF HR,90,879,67,40,19,71,57,814,115,78,47,84,41,29,37,43,1,1,1,0,,
toronto/a2a729_375117eafbf7413fb892c475990d9b23.txt,BARBER GREENE RD AT DON MILLS RD & GREEN BE,x,2008-Mar-17,07:30-09:30,266,116,335,139,34,181,82,97,190,201,103,213,125,101,127,118,0,1,1,0,,
toronto/a2a729_375117eafbf7413fb892c475990d9b23.txt,BARBER GREENE RD AT DON MILLS RD & GREEN BE,x,2008-Mar-17,16:00-18:00,132,89,85,252,60,72,109,117,217,252,96,403,134,101,118,155,3,5,0,0,,
toronto/a2a729_375117eafbf7413fb892c475990d9b23.txt,BARBER GREENE RD AT DON MILLS RD & GREEN BE,x,2008-Mar-17,07:30-18:00,760,370,690,546,171,534,420,367,867,766,388,952,421,319,391,443,5,10,3,0,,
toronto/project_file.txt,DUFFERIN ST AT PEEL AVE,x,2009-Mar-11,08:15-09:15,0,0,389,264,0,3,3,0,0,0,0,0,2,1,3,0,0,0,0,0,,
toronto/project_file.txt,DUFFERIN ST AT PEEL AVE,x,2009-Mar-11,17:00-18:00,0,0,319,408,0,2,0,0,0,0,0,0,6,1,5,0,0,0,0,0,,
toronto/project_file.txt,DUFFERIN ST AT PEEL AVE,x,2009-Mar-11,OFF HR,0,0,297,267,0,2,3,1,0,0,0,0,4,1,9,0,0,0,0,0,,
toronto/project_file.txt,DUFFERIN ST AT PEEL AVE,x,2009-Mar-11,07:30-09:30,0,0,691,449,0,5,6,1,0,0,0,0,3,3,5,0,0,0,0,0,,
toronto/project_file.txt,DUFFERIN ST AT PEEL AVE,x,2009-Mar-11,16:00-18:00,0,0,617,760,0,3,1,1,0,0,0,0,11,4,12,0,0,0,0,0,,
toronto/project_file.txt,DUFFERIN ST AT PEEL AVE,x,2009-Mar-11,07:30-18:00,0,0,269,273,0,16,16,7,0,0,0,0,30,10,54,0,0,0,0,0,,
toronto/project_file.txt,GLADSTONE AVE AT PEEL AVE,x,2009-Mar-11,08:30-09:30,4,100,0,0,0,0,0,0,242,353,0,0,10,61,2,14,0,0,0,0,,
toronto/project_file.txt,GLADSTONE AVE AT PEEL AVE,x,2009-Mar-11,16:45-17:45,5,74,0,0,0,0,0,0,407,293,0,0,19,63,4,21,0,0,0,0,,
toronto/project_file.txt,GLADSTONE AVE AT PEEL AVE,x,2009-Mar-11,OFF HR,4,57,0,0,0,0,0,0,271,267,0,0,10,39,3,10,0,0,0,0,,
toronto/project_file.txt,GLADSTONE AVE AT PEEL AVE,x,2009-Mar-11,07:30-09:30,8,153,0,0,0,0,0,0,442,644,0,0,20,101,3,31,0,0,0,0,,
toronto/project_file.txt,GLADSTONE AVE AT PEEL AVE,x,2009-Mar-11,16:00-18:00,7,143,0,0,0,0,0,0,763,566,0,0,37,127,6,35,0,0,0,0,,
toronto/project_file.txt,GLADSTONE AVE AT PEEL AVE,x,2009-Mar-11,07:30-18:00,32,522,0,0,0,0,0,0,259,274,0,0,95,383,22,106,0,0,0,0,,
toronto/project_file.txt,GLADSTONE AVE AT LN 40 M N OF QUEEN ST,x,2009-Mar-12,08:15-09:15,0,383,20,21,0,20,22,256,0,0,0,0,3,100,1,28,0,0,0,0,,
toronto/project_file.txt,GLADSTONE AVE AT LN 40 M N OF QUEEN ST,x,2009-Mar-12,17:00-18:00,0,302,26,28,0,38,52,368,0,0,0,0,11,232,20,26,0,0,0,0,,
toronto/project_file.txt,GLADSTONE AVE AT LN 40 M N OF QUEEN ST,x,2009-Mar-12,OFF HR,0,296,12,13,0,27,29,252,0,0,0,0,9,138,8,28,0,0,0,0,,
toronto/project_file.txt,GLADSTONE AVE AT LN 40 M N OF QUEEN ST,x,2009-Mar-12,07:30-09:30,0,685,27,25,0,30,43,442,0,0,0,0,4,162,5,43,0,0,0,0,,
toronto/project_file.txt,GLADSTONE AVE AT LN 40 M N OF QUEEN ST,x,2009-Mar-12,16:00-18:00,0,599,43,46,0,80,92,699,0,0,0,0,34,452,33,65,0,0,0,0,,
toronto/project_file.txt,GLADSTONE AVE AT LN 40 M N OF QUEEN ST,x,2009-Mar-12,07:30-18:00,0,258,117,123,0,216,249,277,0,0,0,0,75,1166,70,220,0,0,0,0,,
toronto/project_file.txt,GLADSTONE AVE AT QUEEN ST W,x,2009-Mar-11,08:15-09:15,249,4,135,89,324,0,2,3,4,5,711,184,110,110,163,34,0,0,0,0,,
toronto/project_file.txt,GLADSTONE AVE AT QUEEN ST W,x,2009-Mar-11,17:00-18:00,203,3,134,132,563,0,0,2,1,0,508,280,197,121,127,37,0,0,0,0,,
toronto/project_file.txt,GLADSTONE AVE AT QUEEN ST W,x,2009-Mar-11,OFF HR,229,2,94,77,388,0,1,3,4,4,409,201,133,82,103,19,0,0,0,0,,
toronto/project_file.txt,GLADSTONE AVE AT QUEEN ST W,x,2009-Mar-11,07:30-09:30,453,6,250,147,642,0,2,6,7,7,78,341,167,172,241,44,0,0,0,0,,
toronto/project_file.txt,GLADSTONE AVE AT QUEEN ST W,x,2009-Mar-11,16:00-18:00,453,4,230,244,45,0,2,3,5,3,918,530,396,232,229,58,0,0,0,0,,
toronto/project_file.txt,GLADSTONE AVE AT QUEEN ST W,x,2009-Mar-11,07:30-18:00,214,16,857,698,231,0,7,21,29,28,220,223,1093,733,881,179,0,0,0,0,,
