perimetercid/www.perimetercid.org/rfps/10PerCtrPkwy@HammondDrAM.txt,PERIMETER CENTER PKWY / HAMMOND DRIVE,Cars - Trucks,4/25/2012,07:00-07:15,14,11,13,59,60,6,1,12,6,18,43,11,0,0,0,0,,,,,,
perimetercid/www.perimetercid.org/rfps/10PerCtrPkwy@HammondDrAM.txt,PERIMETER CENTER PKWY / HAMMOND DRIVE,Cars - Trucks,4/25/2012,07:15-07:30,18,22,9,47,114,9,9,6,17,37,52,28,0,0,0,1,,,,,,
perimetercid/www.perimetercid.org/rfps/10PerCtrPkwy@HammondDrAM.txt,PERIMETER CENTER PKWY / HAMMOND DRIVE,Cars - Trucks,4/25/2012,07:30-07:45,27,27,14,55,97,17,11,15,14,40,60,46,2,0,3,1,,,,,,
perimetercid/www.perimetercid.org/rfps/10PerCtrPkwy@HammondDrAM.txt,PERIMETER CENTER PKWY / HAMMOND DRIVE,Cars - Trucks,4/25/2012,07:45-08:00,26,32,10,58,116,14,9,21,21,53,87,25,2,0,0,1,,,,,,
perimetercid/www.perimetercid.org/rfps/10PerCtrPkwy@HammondDrAM.txt,PERIMETER CENTER PKWY / HAMMOND DRIVE,Cars - Trucks,4/25/2012,08:00-08:15,32,21,11,71,93,9,12,22,18,40,66,43,4,2,1,0,,,,,,
perimetercid/www.perimetercid.org/rfps/10PerCtrPkwy@HammondDrAM.txt,PERIMETER CENTER PKWY / HAMMOND DRIVE,Cars - Trucks,4/25/2012,08:15-08:30,23,27,10,62,88,15,9,27,21,47,86,36,2,0,1,1,,,,,,
perimetercid/www.perimetercid.org/rfps/10PerCtrPkwy@HammondDrAM.txt,PERIMETER CENTER PKWY / HAMMOND DRIVE,Cars - Trucks,4/25/2012,08:30-08:45,26,22,7,62,115,10,11,25,17,68,93,40,1,1,2,1,,,,,,
perimetercid/www.perimetercid.org/rfps/10PerCtrPkwy@HammondDrAM.txt,PERIMETER CENTER PKWY / HAMMOND DRIVE,Cars - Trucks,4/25/2012,08:45-09:00,25,30,13,61,98,11,9,23,16,54,91,42,10,1,1,1,,,,,,
perimetercid/www.perimetercid.org/rfps/10PerCtrPkwy@HammondDrPM.txt,PERIMETER CENTER PKWY / HAMMOND DRIVE,Cars - Trucks,4/25/2012,16:00-16:15,34,32,86,22,117,7,26,22,69,9,107,28,4,0,0,1,,,,,,
perimetercid/www.perimetercid.org/rfps/10PerCtrPkwy@HammondDrPM.txt,PERIMETER CENTER PKWY / HAMMOND DRIVE,Cars - Trucks,4/25/2012,16:15-16:30,53,37,57,17,105,8,20,27,42,19,122,38,8,0,0,0,,,,,,
perimetercid/www.perimetercid.org/rfps/10PerCtrPkwy@HammondDrPM.txt,PERIMETER CENTER PKWY / HAMMOND DRIVE,Cars - Trucks,4/25/2012,16:30-16:45,54,41,66,17,98,16,30,33,70,21,109,43,3,0,0,3,,,,,,
perimetercid/www.perimetercid.org/rfps/10PerCtrPkwy@HammondDrPM.txt,PERIMETER CENTER PKWY / HAMMOND DRIVE,Cars - Trucks,4/25/2012,16:45-17:00,49,30,68,20,128,8,26,30,57,23,105,45,1,0,0,2,,,,,,
perimetercid/www.perimetercid.org/rfps/10PerCtrPkwy@HammondDrPM.txt,PERIMETER CENTER PKWY / HAMMOND DRIVE,Cars - Trucks,4/25/2012,17:00-17:15,69,68,93,24,114,11,28,47,81,26,134,60,7,5,3,0,,,,,,
perimetercid/www.perimetercid.org/rfps/10PerCtrPkwy@HammondDrPM.txt,PERIMETER CENTER PKWY / HAMMOND DRIVE,Cars - Trucks,4/25/2012,17:15-17:30,58,60,68,32,114,13,33,51,81,29,149,46,12,2,2,6,,,,,,
perimetercid/www.perimetercid.org/rfps/10PerCtrPkwy@HammondDrPM.txt,PERIMETER CENTER PKWY / HAMMOND DRIVE,Cars - Trucks,4/25/2012,17:30-17:45,73,58,66,34,134,14,29,54,62,25,142,55,3,0,1,0,,,,,,
perimetercid/www.perimetercid.org/rfps/10PerCtrPkwy@HammondDrPM.txt,PERIMETER CENTER PKWY / HAMMOND DRIVE,Cars - Trucks,4/25/2012,17:45-18:00,50,59,46,29,96,10,26,37,54,26,126,46,8,4,2,0,,,,,,
perimetercid/www.perimetercid.org/rfps/11PerCtrPkwy@PerCtrWestAM.txt,PERIMETER CENTER PKWY / PERIMETER CENTER WEST,Cars - Trucks,4/25/2012,07:00-07:15,27,107,5,2,4,0,2,133,20,8,2,12,0,3,1,1,,,,,,
perimetercid/www.perimetercid.org/rfps/11PerCtrPkwy@PerCtrWestAM.txt,PERIMETER CENTER PKWY / PERIMETER CENTER WEST,Cars - Trucks,4/25/2012,07:15-07:30,33,113,8,7,13,4,8,126,24,7,6,14,0,5,2,0,,,,,,
perimetercid/www.perimetercid.org/rfps/11PerCtrPkwy@PerCtrWestAM.txt,PERIMETER CENTER PKWY / PERIMETER CENTER WEST,Cars - Trucks,4/25/2012,07:30-07:45,51,128,6,11,10,4,6,120,36,8,6,16,0,3,35,0,,,,,,
perimetercid/www.perimetercid.org/rfps/11PerCtrPkwy@PerCtrWestAM.txt,PERIMETER CENTER PKWY / PERIMETER CENTER WEST,Cars - Trucks,4/25/2012,07:45-08:00,51,129,11,11,16,7,7,149,34,17,5,16,0,1,4,0,,,,,,
perimetercid/www.perimetercid.org/rfps/11PerCtrPkwy@PerCtrWestAM.txt,PERIMETER CENTER PKWY / PERIMETER CENTER WEST,Cars - Trucks,4/25/2012,08:00-08:15,33,147,8,11,14,7,8,170,40,17,4,13,0,0,0,1,,,,,,
perimetercid/www.perimetercid.org/rfps/11PerCtrPkwy@PerCtrWestAM.txt,PERIMETER CENTER PKWY / PERIMETER CENTER WEST,Cars - Trucks,4/25/2012,08:15-08:30,51,155,13,12,14,5,8,171,34,25,11,8,1,0,0,0,,,,,,
perimetercid/www.perimetercid.org/rfps/11PerCtrPkwy@PerCtrWestAM.txt,PERIMETER CENTER PKWY / PERIMETER CENTER WEST,Cars - Trucks,4/25/2012,08:30-08:45,47,122,7,9,9,3,13,189,35,14,7,14,1,0,1,0,,,,,,
perimetercid/www.perimetercid.org/rfps/11PerCtrPkwy@PerCtrWestAM.txt,PERIMETER CENTER PKWY / PERIMETER CENTER WEST,Cars - Trucks,4/25/2012,08:45-09:00,57,177,15,10,14,7,7,151,37,11,5,16,0,0,1,0,,,,,,
perimetercid/www.perimetercid.org/rfps/11PerCtrPkwy@PerCtrWestPM.txt,PERIMETER CENTER PKWY / PERIMETER CENTER WEST,Cars - Trucks,4/25/2012,16:00-16:15,53,182,17,16,20,20,18,162,38,34,18,51,1,2,1,0,,,,,,
perimetercid/www.perimetercid.org/rfps/11PerCtrPkwy@PerCtrWestPM.txt,PERIMETER CENTER PKWY / PERIMETER CENTER WEST,Cars - Trucks,4/25/2012,16:15-16:30,52,169,24,13,25,18,11,154,25,35,25,53,1,1,2,3,,,,,,
perimetercid/www.perimetercid.org/rfps/11PerCtrPkwy@PerCtrWestPM.txt,PERIMETER CENTER PKWY / PERIMETER CENTER WEST,Cars - Trucks,4/25/2012,16:30-16:45,55,163,18,13,17,13,17,190,43,32,17,68,1,2,4,2,,,,,,
perimetercid/www.perimetercid.org/rfps/11PerCtrPkwy@PerCtrWestPM.txt,PERIMETER CENTER PKWY / PERIMETER CENTER WEST,Cars - Trucks,4/25/2012,16:45-17:00,62,163,22,16,14,14,15,187,39,41,24,61,0,1,5,1,,,,,,
perimetercid/www.perimetercid.org/rfps/11PerCtrPkwy@PerCtrWestPM.txt,PERIMETER CENTER PKWY / PERIMETER CENTER WEST,Cars - Trucks,4/25/2012,17:00-17:15,89,184,23,13,12,13,22,192,30,68,23,57,3,3,1,5,,,,,,
perimetercid/www.perimetercid.org/rfps/11PerCtrPkwy@PerCtrWestPM.txt,PERIMETER CENTER PKWY / PERIMETER CENTER WEST,Cars - Trucks,4/25/2012,17:15-17:30,65,217,31,11,16,19,22,198,39,49,29,75,4,1,2,1,,,,,,
perimetercid/www.perimetercid.org/rfps/11PerCtrPkwy@PerCtrWestPM.txt,PERIMETER CENTER PKWY / PERIMETER CENTER WEST,Cars - Trucks,4/25/2012,17:30-17:45,78,229,29,10,18,11,24,186,38,67,39,58,1,2,1,3,,,,,,
perimetercid/www.perimetercid.org/rfps/11PerCtrPkwy@PerCtrWestPM.txt,PERIMETER CENTER PKWY / PERIMETER CENTER WEST,Cars - Trucks,4/25/2012,17:45-18:00,57,186,34,14,18,17,32,170,27,72,35,58,1,2,0,0,,,,,,
perimetercid/www.perimetercid.org/rfps/12Glenridge@GA400NBRampPM.txt,GA 400 SOUTHBOUND RAMP / GLENRIDGE CONECTOR,Cars - Trucks,4/25/2012,16:00-16:15,0,0,0,0,172,171,65,0,42,144,114,0,0,0,0,0,,,,,,
perimetercid/www.perimetercid.org/rfps/12Glenridge@GA400NBRampPM.txt,GA 400 SOUTHBOUND RAMP / GLENRIDGE CONECTOR,Cars - Trucks,4/25/2012,16:15-16:30,0,0,0,0,199,184,68,0,53,111,126,0,0,0,0,0,,,,,,
perimetercid/www.perimetercid.org/rfps/12Glenridge@GA400NBRampPM.txt,GA 400 SOUTHBOUND RAMP / GLENRIDGE CONECTOR,Cars - Trucks,4/25/2012,16:30-16:45,0,0,0,0,210,164,65,0,54,114,116,0,0,0,0,0,,,,,,
perimetercid/www.perimetercid.org/rfps/12Glenridge@GA400NBRampPM.txt,GA 400 SOUTHBOUND RAMP / GLENRIDGE CONECTOR,Cars - Trucks,4/25/2012,16:45-17:00,0,0,0,0,221,151,73,0,67,82,122,0,0,0,0,0,,,,,,
perimetercid/www.perimetercid.org/rfps/12Glenridge@GA400NBRampPM.txt,GA 400 SOUTHBOUND RAMP / GLENRIDGE CONECTOR,Cars - Trucks,4/25/2012,17:00-17:15,0,0,0,0,290,166,70,0,98,95,140,0,0,0,0,0,,,,,,
perimetercid/www.perimetercid.org/rfps/12Glenridge@GA400NBRampPM.txt,GA 400 SOUTHBOUND RAMP / GLENRIDGE CONECTOR,Cars - Trucks,4/25/2012,17:15-17:30,0,0,0,0,261,127,68,0,96,91,153,0,0,0,0,0,,,,,,
perimetercid/www.perimetercid.org/rfps/12Glenridge@GA400NBRampPM.txt,GA 400 SOUTHBOUND RAMP / GLENRIDGE CONECTOR,Cars - Trucks,4/25/2012,17:30-17:45,0,0,0,0,288,99,83,0,99,71,156,0,0,0,0,0,,,,,,
perimetercid/www.perimetercid.org/rfps/12Glenridge@GA400NBRampPM.txt,GA 400 SOUTHBOUND RAMP / GLENRIDGE CONECTOR,Cars - Trucks,4/25/2012,17:45-18:00,0,0,0,0,173,73,73,0,78,74,161,0,0,0,0,0,,,,,,
perimetercid/www.perimetercid.org/rfps/13Glenridge@GA400SBRampAM.txt,GA 400 NORTHBOUND RAMP / GLENRIDGE CONNECTOR,Cars - Trucks,4/25/2012,07:00-07:15,0,1,2,13,57,37,114,22,41,47,107,9,0,0,0,0,,,,,,
perimetercid/www.perimetercid.org/rfps/13Glenridge@GA400SBRampAM.txt,GA 400 NORTHBOUND RAMP / GLENRIDGE CONNECTOR,Cars - Trucks,4/25/2012,07:15-07:30,0,2,3,17,88,63,94,15,37,82,140,7,0,0,0,0,,,,,,
perimetercid/www.perimetercid.org/rfps/13Glenridge@GA400SBRampAM.txt,GA 400 NORTHBOUND RAMP / GLENRIDGE CONNECTOR,Cars - Trucks,4/25/2012,07:30-07:45,1,4,3,19,95,56,87,19,51,100,159,10,0,0,0,0,,,,,,
perimetercid/www.perimetercid.org/rfps/13Glenridge@GA400SBRampAM.txt,GA 400 NORTHBOUND RAMP / GLENRIDGE CONNECTOR,Cars - Trucks,4/25/2012,07:45-08:00,1,2,1,28,123,76,102,26,51,85,153,8,0,0,0,0,,,,,,
perimetercid/www.perimetercid.org/rfps/13Glenridge@GA400SBRampAM.txt,GA 400 NORTHBOUND RAMP / GLENRIDGE CONNECTOR,Cars - Trucks,4/25/2012,08:00-08:15,0,3,3,33,113,73,68,23,49,111,146,10,0,0,0,0,,,,,,
perimetercid/www.perimetercid.org/rfps/13Glenridge@GA400SBRampAM.txt,GA 400 NORTHBOUND RAMP / GLENRIDGE CONNECTOR,Cars - Trucks,4/25/2012,08:15-08:30,0,2,1,34,104,73,86,17,51,113,160,18,0,0,0,0,,,,,,
perimetercid/www.perimetercid.org/rfps/13Glenridge@GA400SBRampAM.txt,GA 400 NORTHBOUND RAMP / GLENRIDGE CONNECTOR,Cars - Trucks,4/25/2012,08:30-08:45,0,1,0,22,113,65,90,21,50,98,159,9,0,0,0,0,,,,,,
perimetercid/www.perimetercid.org/rfps/13Glenridge@GA400SBRampAM.txt,GA 400 NORTHBOUND RAMP / GLENRIDGE CONNECTOR,Cars - Trucks,4/25/2012,08:45-09:00,0,2,1,27,110,60,83,25,57,114,125,16,0,0,0,0,,,,,,
perimetercid/www.perimetercid.org/rfps/14Glenridge@JohnsonFerryRdAM.txt,GLENRIDGE CONNECTOR / JOHNSON FERRY ROAD,Cars - Trucks,4/25/2012,07:00-07:15,10,79,183,64,50,13,20,39,56,89,59,39,0,0,0,1,,,,,,
perimetercid/www.perimetercid.org/rfps/14Glenridge@JohnsonFerryRdAM.txt,GLENRIDGE CONNECTOR / JOHNSON FERRY ROAD,Cars - Trucks,4/25/2012,07:15-07:30,2,101,180,108,43,14,18,77,35,106,97,55,1,0,0,0,,,,,,
perimetercid/www.perimetercid.org/rfps/14Glenridge@JohnsonFerryRdAM.txt,GLENRIDGE CONNECTOR / JOHNSON FERRY ROAD,Cars - Trucks,4/25/2012,07:30-07:45,4,102,165,113,55,11,20,78,53,172,113,81,0,0,0,0,,,,,,
perimetercid/www.perimetercid.org/rfps/14Glenridge@JohnsonFerryRdAM.txt,GLENRIDGE CONNECTOR / JOHNSON FERRY ROAD,Cars - Trucks,4/25/2012,07:45-08:00,9,101,168,118,57,9,31,80,63,140,141,90,0,0,0,0,,,,,,
perimetercid/www.perimetercid.org/rfps/14Glenridge@JohnsonFerryRdAM.txt,GLENRIDGE CONNECTOR / JOHNSON FERRY ROAD,Cars - Trucks,4/25/2012,08:00-08:15,9,122,170,103,48,17,22,88,58,142,137,71,0,2,1,0,,,,,,
perimetercid/www.perimetercid.org/rfps/14Glenridge@JohnsonFerryRdAM.txt,GLENRIDGE CONNECTOR / JOHNSON FERRY ROAD,Cars - Trucks,4/25/2012,08:15-08:30,13,126,144,76,42,17,30,65,67,135,123,77,0,0,0,1,,,,,,
perimetercid/www.perimetercid.org/rfps/14Glenridge@JohnsonFerryRdAM.txt,GLENRIDGE CONNECTOR / JOHNSON FERRY ROAD,Cars - Trucks,4/25/2012,08:30-08:45,9,111,147,90,48,21,23,81,59,156,120,67,0,0,0,0,,,,,,
perimetercid/www.perimetercid.org/rfps/14Glenridge@JohnsonFerryRdAM.txt,GLENRIDGE CONNECTOR / JOHNSON FERRY ROAD,Cars - Trucks,4/25/2012,08:45-09:00,6,107,176,90,54,15,39,80,52,117,118,76,0,0,0,0,,,,,,
perimetercid/www.perimetercid.org/rfps/14Glenridge@JohnsonFerryRdPM.txt,GLENRIDGE CONNECTOR / JOHNSON FERRY ROAD,Cars - Trucks,4/25/2012,16:00-16:15,8,85,66,178,69,50,4,100,60,107,53,68,0,0,0,0,,,,,,
perimetercid/www.perimetercid.org/rfps/14Glenridge@JohnsonFerryRdPM.txt,GLENRIDGE CONNECTOR / JOHNSON FERRY ROAD,Cars - Trucks,4/25/2012,16:15-16:30,10,91,67,142,103,27,8,123,71,79,51,51,1,0,1,0,,,,,,
perimetercid/www.perimetercid.org/rfps/14Glenridge@JohnsonFerryRdPM.txt,GLENRIDGE CONNECTOR / JOHNSON FERRY ROAD,Cars - Trucks,4/25/2012,16:30-16:45,6,100,54,152,102,24,12,152,69,81,61,60,0,0,2,0,,,,,,
perimetercid/www.perimetercid.org/rfps/14Glenridge@JohnsonFerryRdPM.txt,GLENRIDGE CONNECTOR / JOHNSON FERRY ROAD,Cars - Trucks,4/25/2012,16:45-17:00,5,99,49,167,93,30,10,163,75,79,52,66,0,0,0,0,,,,,,
perimetercid/www.perimetercid.org/rfps/14Glenridge@JohnsonFerryRdPM.txt,GLENRIDGE CONNECTOR / JOHNSON FERRY ROAD,Cars - Trucks,4/25/2012,17:00-17:15,4,137,56,105,88,27,10,237,94,101,74,69,1,0,0,0,,,,,,
perimetercid/www.perimetercid.org/rfps/14Glenridge@JohnsonFerryRdPM.txt,GLENRIDGE CONNECTOR / JOHNSON FERRY ROAD,Cars - Trucks,4/25/2012,17:15-17:30,6,120,41,117,109,55,9,225,101,90,70,65,0,0,2,0,,,,,,
perimetercid/www.perimetercid.org/rfps/14Glenridge@JohnsonFerryRdPM.txt,GLENRIDGE CONNECTOR / JOHNSON FERRY ROAD,Cars - Trucks,4/25/2012,17:30-17:45,7,141,53,132,105,30,8,214,106,82,48,69,0,0,0,0,,,,,,
perimetercid/www.perimetercid.org/rfps/14Glenridge@JohnsonFerryRdPM.txt,GLENRIDGE CONNECTOR / JOHNSON FERRY ROAD,Cars - Trucks,4/25/2012,17:45-18:00,5,113,55,117,91,24,11,148,112,93,74,73,0,0,0,0,,,,,,
perimetercid/www.perimetercid.org/rfps/15Glenridge@I-285EBRampAM.txt,GLENRIDGE CONNECTOR / I-285 EB RAMP,Cars - Trucks,4/25/2012,07:00-07:15,0,128,0,0,0,0,0,131,0,251,0,117,0,0,0,0,,,,,,
perimetercid/www.perimetercid.org/rfps/15Glenridge@I-285EBRampAM.txt,GLENRIDGE CONNECTOR / I-285 EB RAMP,Cars - Trucks,4/25/2012,07:15-07:30,0,220,0,0,0,0,0,224,0,176,0,91,0,0,0,0,,,,,,
perimetercid/www.perimetercid.org/rfps/15Glenridge@I-285EBRampAM.txt,GLENRIDGE CONNECTOR / I-285 EB RAMP,Cars - Trucks,4/25/2012,07:30-07:45,0,219,0,0,0,0,0,248,0,130,0,71,0,0,0,0,,,,,,
perimetercid/www.perimetercid.org/rfps/15Glenridge@I-285EBRampAM.txt,GLENRIDGE CONNECTOR / I-285 EB RAMP,Cars - Trucks,4/25/2012,07:45-08:00,0,194,0,0,0,0,0,318,0,155,0,84,0,0,0,0,,,,,,
perimetercid/www.perimetercid.org/rfps/15Glenridge@I-285EBRampAM.txt,GLENRIDGE CONNECTOR / I-285 EB RAMP,Cars - Trucks,4/25/2012,08:00-08:15,0,231,0,0,0,0,0,243,0,166,0,82,0,0,0,2,,,,,,
perimetercid/www.perimetercid.org/rfps/15Glenridge@I-285EBRampAM.txt,GLENRIDGE CONNECTOR / I-285 EB RAMP,Cars - Trucks,4/25/2012,08:15-08:30,0,212,0,0,0,0,0,246,0,128,0,79,0,0,0,0,,,,,,
perimetercid/www.perimetercid.org/rfps/15Glenridge@I-285EBRampAM.txt,GLENRIDGE CONNECTOR / I-285 EB RAMP,Cars - Trucks,4/25/2012,08:30-08:45,0,196,0,0,0,0,0,222,0,110,0,99,0,0,0,0,,,,,,
perimetercid/www.perimetercid.org/rfps/15Glenridge@I-285EBRampAM.txt,GLENRIDGE CONNECTOR / I-285 EB RAMP,Cars - Trucks,4/25/2012,08:45-09:00,0,191,0,0,0,0,0,274,0,150,0,78,0,0,0,0,,,,,,
perimetercid/www.perimetercid.org/rfps/15Glenridge@I-285EBRampPM.txt,GLENRIDGE / I-285 EB RAMP,Cars - Trucks,4/25/2012,16:00-16:15,0,136,0,0,0,0,0,334,0,87,0,31,0,0,0,0,,,,,,
perimetercid/www.perimetercid.org/rfps/15Glenridge@I-285EBRampPM.txt,GLENRIDGE / I-285 EB RAMP,Cars - Trucks,4/25/2012,16:15-16:30,0,144,0,0,0,0,0,339,0,77,0,35,0,0,0,0,,,,,,
perimetercid/www.perimetercid.org/rfps/15Glenridge@I-285EBRampPM.txt,GLENRIDGE / I-285 EB RAMP,Cars - Trucks,4/25/2012,16:30-16:45,0,169,0,0,0,0,0,372,0,66,0,67,0,0,0,0,,,,,,
perimetercid/www.perimetercid.org/rfps/15Glenridge@I-285EBRampPM.txt,GLENRIDGE / I-285 EB RAMP,Cars - Trucks,4/25/2012,16:45-17:00,0,159,0,0,0,0,0,398,0,70,0,59,0,0,0,3,,,,,,
perimetercid/www.perimetercid.org/rfps/15Glenridge@I-285EBRampPM.txt,GLENRIDGE / I-285 EB RAMP,Cars - Trucks,4/25/2012,17:00-17:15,0,210,0,0,0,0,0,399,0,77,0,49,0,0,0,0,,,,,,
perimetercid/www.perimetercid.org/rfps/15Glenridge@I-285EBRampPM.txt,GLENRIDGE / I-285 EB RAMP,Cars - Trucks,4/25/2012,17:15-17:30,0,207,0,0,0,0,0,370,0,63,0,51,0,0,0,0,,,,,,
perimetercid/www.perimetercid.org/rfps/15Glenridge@I-285EBRampPM.txt,GLENRIDGE / I-285 EB RAMP,Cars - Trucks,4/25/2012,17:30-17:45,0,231,0,0,0,0,0,418,0,78,0,73,0,0,0,0,,,,,,
perimetercid/www.perimetercid.org/rfps/15Glenridge@I-285EBRampPM.txt,GLENRIDGE / I-285 EB RAMP,Cars - Trucks,4/25/2012,17:45-18:00,0,175,0,0,0,0,0,358,0,87,0,76,0,0,0,0,,,,,,
perimetercid/www.perimetercid.org/rfps/16Glenridge@I-285WBRampAM.txt,GLENRIDGE DRIVE / I-285 WB RAMP,Cars - Trucks,4/25/2012,07:00-07:15,24,115,0,1,0,0,0,171,72,0,0,0,0,0,0,0,,,,,,
perimetercid/www.perimetercid.org/rfps/16Glenridge@I-285WBRampAM.txt,GLENRIDGE DRIVE / I-285 WB RAMP,Cars - Trucks,4/25/2012,07:15-07:30,35,186,0,2,0,0,0,213,99,0,0,0,0,0,0,0,,,,,,
perimetercid/www.perimetercid.org/rfps/16Glenridge@I-285WBRampAM.txt,GLENRIDGE DRIVE / I-285 WB RAMP,Cars - Trucks,4/25/2012,07:30-07:45,55,207,0,1,0,0,0,111,115,0,0,0,0,0,0,0,,,,,,
perimetercid/www.perimetercid.org/rfps/16Glenridge@I-285WBRampAM.txt,GLENRIDGE DRIVE / I-285 WB RAMP,Cars - Trucks,4/25/2012,07:45-08:00,49,196,0,1,0,0,0,269,132,0,0,0,0,0,0,0,,,,,,
perimetercid/www.perimetercid.org/rfps/16Glenridge@I-285WBRampAM.txt,GLENRIDGE DRIVE / I-285 WB RAMP,Cars - Trucks,4/25/2012,08:00-08:15,49,241,0,1,0,0,0,221,101,0,0,0,0,0,0,1,,,,,,
perimetercid/www.perimetercid.org/rfps/16Glenridge@I-285WBRampAM.txt,GLENRIDGE DRIVE / I-285 WB RAMP,Cars - Trucks,4/25/2012,08:15-08:30,61,212,0,0,0,0,0,239,89,0,0,0,0,0,0,0,,,,,,
perimetercid/www.perimetercid.org/rfps/16Glenridge@I-285WBRampAM.txt,GLENRIDGE DRIVE / I-285 WB RAMP,Cars - Trucks,4/25/2012,08:30-08:45,59,210,0,0,0,0,0,244,80,0,0,0,0,0,0,0,,,,,,
perimetercid/www.perimetercid.org/rfps/16Glenridge@I-285WBRampAM.txt,GLENRIDGE DRIVE / I-285 WB RAMP,Cars - Trucks,4/25/2012,08:45-09:00,51,183,0,2,0,0,0,257,87,0,0,0,0,0,0,0,,,,,,
perimetercid/www.perimetercid.org/rfps/16Glenridge@I-285WBRampPM.txt,GLENRIDGE / I-285 WB RAMP,Cars - Trucks,4/25/2012,16:00-16:15,182,147,0,1,0,0,0,182,167,0,0,0,0,0,0,0,,,,,,
perimetercid/www.perimetercid.org/rfps/16Glenridge@I-285WBRampPM.txt,GLENRIDGE / I-285 WB RAMP,Cars - Trucks,4/25/2012,16:15-16:30,144,141,0,0,0,0,0,207,163,0,0,0,0,0,0,0,,,,,,
perimetercid/www.perimetercid.org/rfps/16Glenridge@I-285WBRampPM.txt,GLENRIDGE / I-285 WB RAMP,Cars - Trucks,4/25/2012,16:30-16:45,205,175,0,3,0,0,0,259,170,0,0,0,0,0,0,0,,,,,,
perimetercid/www.perimetercid.org/rfps/16Glenridge@I-285WBRampPM.txt,GLENRIDGE / I-285 WB RAMP,Cars - Trucks,4/25/2012,16:45-17:00,192,158,0,0,0,0,0,258,193,0,0,0,0,0,0,3,,,,,,
perimetercid/www.perimetercid.org/rfps/16Glenridge@I-285WBRampPM.txt,GLENRIDGE / I-285 WB RAMP,Cars - Trucks,4/25/2012,17:00-17:15,133,212,0,0,0,0,0,299,140,0,0,0,0,0,0,0,,,,,,
perimetercid/www.perimetercid.org/rfps/16Glenridge@I-285WBRampPM.txt,GLENRIDGE / I-285 WB RAMP,Cars - Trucks,4/25/2012,17:15-17:30,150,209,0,0,0,0,0,292,129,0,0,0,0,0,0,0,,,,,,
perimetercid/www.perimetercid.org/rfps/16Glenridge@I-285WBRampPM.txt,GLENRIDGE / I-285 WB RAMP,Cars - Trucks,4/25/2012,17:30-17:45,142,232,0,0,0,0,0,332,161,0,0,0,0,0,0,0,,,,,,
perimetercid/www.perimetercid.org/rfps/16Glenridge@I-285WBRampPM.txt,GLENRIDGE / I-285 WB RAMP,Cars - Trucks,4/25/2012,17:45-18:00,127,175,0,3,0,0,0,281,153,0,0,0,0,0,0,0,,,,,,
perimetercid/www.perimetercid.org/rfps/17Glenridge@HammondDrAM.txt,GLENRIDGE DRIVE / HAMMOND DRIVE,Cars - Trucks,4/25/2012,07:00-07:15,0,70,26,9,45,64,121,11,8,25,90,4,1,3,1,1,,,,,,
perimetercid/www.perimetercid.org/rfps/17Glenridge@HammondDrAM.txt,GLENRIDGE DRIVE / HAMMOND DRIVE,Cars - Trucks,4/25/2012,07:15-07:30,0,118,35,14,34,80,102,44,11,43,118,2,0,0,0,0,,,,,,
perimetercid/www.perimetercid.org/rfps/17Glenridge@HammondDrAM.txt,GLENRIDGE DRIVE / HAMMOND DRIVE,Cars - Trucks,4/25/2012,07:30-07:45,1,131,53,11,48,106,118,60,11,44,165,8,0,2,1,0,,,,,,
perimetercid/www.perimetercid.org/rfps/17Glenridge@HammondDrAM.txt,GLENRIDGE DRIVE / HAMMOND DRIVE,Cars - Trucks,4/25/2012,07:45-08:00,2,128,63,16,68,102,123,61,19,50,148,4,0,0,1,0,,,,,,
perimetercid/www.perimetercid.org/rfps/17Glenridge@HammondDrAM.txt,GLENRIDGE DRIVE / HAMMOND DRIVE,Cars - Trucks,4/25/2012,08:00-08:15,1,131,64,9,69,99,129,37,13,66,179,7,0,1,0,0,,,,,,
perimetercid/www.perimetercid.org/rfps/17Glenridge@HammondDrAM.txt,GLENRIDGE DRIVE / HAMMOND DRIVE,Cars - Trucks,4/25/2012,08:15-08:30,2,128,63,11,42,98,138,47,7,59,169,10,0,2,0,0,,,,,,
perimetercid/www.perimetercid.org/rfps/17Glenridge@HammondDrAM.txt,GLENRIDGE DRIVE / HAMMOND DRIVE,Cars - Trucks,4/25/2012,08:30-08:45,5,131,69,7,48,105,146,40,15,44,187,0,0,1,0,0,,,,,,
perimetercid/www.perimetercid.org/rfps/17Glenridge@HammondDrAM.txt,GLENRIDGE DRIVE / HAMMOND DRIVE,Cars - Trucks,4/25/2012,08:45-09:00,2,112,51,11,55,114,139,42,14,63,213,3,0,1,0,0,,,,,,
perimetercid/www.perimetercid.org/rfps/17Glenridge@HammondDrPM.txt,GLENRIDGE DRIVE / HAMMOND DRIVE,Cars - Trucks,4/25/2012,16:00-16:15,2,74,21,33,116,171,110,81,49,28,90,5,0,0,2,0,,,,,,
perimetercid/www.perimetercid.org/rfps/17Glenridge@HammondDrPM.txt,GLENRIDGE DRIVE / HAMMOND DRIVE,Cars - Trucks,4/25/2012,16:15-16:30,0,60,15,36,125,182,88,91,38,24,105,5,0,0,0,0,,,,,,
perimetercid/www.perimetercid.org/rfps/17Glenridge@HammondDrPM.txt,GLENRIDGE DRIVE / HAMMOND DRIVE,Cars - Trucks,4/25/2012,16:30-16:45,2,63,22,48,148,196,142,112,41,20,107,9,0,0,1,0,,,,,,
perimetercid/www.perimetercid.org/rfps/17Glenridge@HammondDrPM.txt,GLENRIDGE DRIVE / HAMMOND DRIVE,Cars - Trucks,4/25/2012,16:45-17:00,1,62,21,37,138,195,135,103,38,26,94,2,0,0,0,1,,,,,,
perimetercid/www.perimetercid.org/rfps/17Glenridge@HammondDrPM.txt,GLENRIDGE DRIVE / HAMMOND DRIVE,Cars - Trucks,4/25/2012,17:00-17:15,2,85,17,48,143,207,179,130,50,25,117,4,0,1,0,0,,,,,,
perimetercid/www.perimetercid.org/rfps/17Glenridge@HammondDrPM.txt,GLENRIDGE DRIVE / HAMMOND DRIVE,Cars - Trucks,4/25/2012,17:15-17:30,1,87,23,35,167,202,173,120,37,31,104,12,0,0,0,0,,,,,,
perimetercid/www.perimetercid.org/rfps/17Glenridge@HammondDrPM.txt,GLENRIDGE DRIVE / HAMMOND DRIVE,Cars - Trucks,4/25/2012,17:30-17:45,3,66,20,39,159,176,169,138,55,27,124,6,0,1,0,0,,,,,,
perimetercid/www.perimetercid.org/rfps/17Glenridge@HammondDrPM.txt,GLENRIDGE DRIVE / HAMMOND DRIVE,Cars - Trucks,4/25/2012,17:45-18:00,0,54,18,38,138,191,155,123,46,20,118,4,0,2,1,0,,,,,,
perimetercid/www.perimetercid.org/rfps/18BarfieldRd@HammondDrAM.txt,BARFIELD ROAD / HAMMOND DRIVE,Cars - Trucks,4/25/2012,07:00-07:15,10,0,18,31,102,3,6,5,9,4,202,23,0,0,0,0,,,,,,
perimetercid/www.perimetercid.org/rfps/18BarfieldRd@HammondDrAM.txt,BARFIELD ROAD / HAMMOND DRIVE,Cars - Trucks,4/25/2012,07:15-07:30,8,0,30,34,122,3,8,4,12,2,235,21,0,0,2,3,,,,,,
perimetercid/www.perimetercid.org/rfps/18BarfieldRd@HammondDrAM.txt,BARFIELD ROAD / HAMMOND DRIVE,Cars - Trucks,4/25/2012,07:30-07:45,27,0,53,44,115,2,3,11,14,4,269,37,3,0,3,0,,,,,,
perimetercid/www.perimetercid.org/rfps/18BarfieldRd@HammondDrAM.txt,BARFIELD ROAD / HAMMOND DRIVE,Cars - Trucks,4/25/2012,07:45-08:00,28,1,46,31,143,5,12,6,13,6,295,40,1,0,1,1,,,,,,
perimetercid/www.perimetercid.org/rfps/18BarfieldRd@HammondDrAM.txt,BARFIELD ROAD / HAMMOND DRIVE,Cars - Trucks,4/25/2012,08:00-08:15,28,4,49,36,138,4,11,12,19,6,328,27,1,0,0,0,,,,,,
perimetercid/www.perimetercid.org/rfps/18BarfieldRd@HammondDrAM.txt,BARFIELD ROAD / HAMMOND DRIVE,Cars - Trucks,4/25/2012,08:15-08:30,32,4,49,48,128,7,8,9,21,4,322,37,1,0,0,0,,,,,,
perimetercid/www.perimetercid.org/rfps/18BarfieldRd@HammondDrAM.txt,BARFIELD ROAD / HAMMOND DRIVE,Cars - Trucks,4/25/2012,08:30-08:45,22,0,48,34,134,7,9,5,17,4,350,46,0,0,1,0,,,,,,
perimetercid/www.perimetercid.org/rfps/18BarfieldRd@HammondDrAM.txt,BARFIELD ROAD / HAMMOND DRIVE,Cars - Trucks,4/25/2012,08:45-09:00,29,4,48,28,159,5,14,2,16,5,328,27,0,0,0,0,,,,,,
perimetercid/www.perimetercid.org/rfps/18BarfieldRd@HammondDrPM.txt,BARFIELD ROAD / HAMMOND DRIVE,Cars - Trucks,4/25/2012,16:00-16:15,47,5,30,24,259,12,5,2,9,9,185,22,0,0,0,0,,,,,,
perimetercid/www.perimetercid.org/rfps/18BarfieldRd@HammondDrPM.txt,BARFIELD ROAD / HAMMOND DRIVE,Cars - Trucks,4/25/2012,16:15-16:30,36,5,27,27,321,17,2,0,3,6,182,19,1,0,1,0,,,,,,
perimetercid/www.perimetercid.org/rfps/18BarfieldRd@HammondDrPM.txt,BARFIELD ROAD / HAMMOND DRIVE,Cars - Trucks,4/25/2012,16:30-16:45,34,4,43,23,339,16,4,3,7,13,224,27,0,0,0,1,,,,,,
perimetercid/www.perimetercid.org/rfps/18BarfieldRd@HammondDrPM.txt,BARFIELD ROAD / HAMMOND DRIVE,Cars - Trucks,4/25/2012,16:45-17:00,41,4,30,33,322,14,5,0,6,13,223,25,0,0,3,1,,,,,,
perimetercid/www.perimetercid.org/rfps/18BarfieldRd@HammondDrPM.txt,BARFIELD ROAD / HAMMOND DRIVE,Cars - Trucks,4/25/2012,17:00-17:15,49,5,36,24,357,19,12,1,9,9,319,31,2,0,0,1,,,,,,
perimetercid/www.perimetercid.org/rfps/18BarfieldRd@HammondDrPM.txt,BARFIELD ROAD / HAMMOND DRIVE,Cars - Trucks,4/25/2012,17:15-17:30,51,4,45,45,321,15,2,6,6,12,283,30,1,0,0,0,,,,,,
perimetercid/www.perimetercid.org/rfps/18BarfieldRd@HammondDrPM.txt,BARFIELD ROAD / HAMMOND DRIVE,Cars - Trucks,4/25/2012,17:30-17:45,52,3,48,35,326,22,1,0,7,13,272,43,1,0,1,3,,,,,,
perimetercid/www.perimetercid.org/rfps/18BarfieldRd@HammondDrPM.txt,BARFIELD ROAD / HAMMOND DRIVE,Cars - Trucks,4/25/2012,17:45-18:00,45,6,31,47,290,22,0,3,8,15,273,45,0,0,1,1,,,,,,
perimetercid/www.perimetercid.org/rfps/19BarfieldRd@AbernathyRdAM.txt,BARFIELD ROAD / ABERNATHY ROAD,Cars - Trucks,4/25/2012,07:00-07:15,6,5,45,198,104,27,12,17,2,32,278,18,0,0,0,1,,,,,,
perimetercid/www.perimetercid.org/rfps/19BarfieldRd@AbernathyRdAM.txt,BARFIELD ROAD / ABERNATHY ROAD,Cars - Trucks,4/25/2012,07:15-07:30,2,10,33,239,132,26,20,33,2,34,319,16,0,1,0,0,,,,,,
perimetercid/www.perimetercid.org/rfps/19BarfieldRd@AbernathyRdAM.txt,BARFIELD ROAD / ABERNATHY ROAD,Cars - Trucks,4/25/2012,07:30-07:45,2,12,58,252,114,19,25,42,7,36,302,29,0,0,0,0,,,,,,
perimetercid/www.perimetercid.org/rfps/19BarfieldRd@AbernathyRdAM.txt,BARFIELD ROAD / ABERNATHY ROAD,Cars - Trucks,4/25/2012,07:45-08:00,2,22,56,256,115,21,18,59,10,41,299,22,0,0,0,0,,,,,,
perimetercid/www.perimetercid.org/rfps/19BarfieldRd@AbernathyRdAM.txt,BARFIELD ROAD / ABERNATHY ROAD,Cars - Trucks,4/25/2012,08:00-08:15,0,21,58,236,111,27,28,29,6,49,381,34,0,1,0,0,,,,,,
perimetercid/www.perimetercid.org/rfps/19BarfieldRd@AbernathyRdAM.txt,BARFIELD ROAD / ABERNATHY ROAD,Cars - Trucks,4/25/2012,08:15-08:30,0,24,50,188,113,20,28,40,6,45,348,17,0,0,0,0,,,,,,
perimetercid/www.perimetercid.org/rfps/19BarfieldRd@AbernathyRdAM.txt,BARFIELD ROAD / ABERNATHY ROAD,Cars - Trucks,4/25/2012,08:30-08:45,3,17,57,183,123,21,27,33,8,34,367,21,0,0,0,0,,,,,,
perimetercid/www.perimetercid.org/rfps/19BarfieldRd@AbernathyRdAM.txt,BARFIELD ROAD / ABERNATHY ROAD,Cars - Trucks,4/25/2012,08:45-09:00,4,23,52,147,129,22,21,22,4,45,383,28,0,2,0,2,,,,,,
perimetercid/www.perimetercid.org/rfps/19BarfieldRd@AbernathyRdPM.txt,BARFIELD ROAD / ABERNATHY ROAD,Cars - Trucks,4/25/2012,16:00-16:15,14,27,173,34,269,19,36,10,24,15,188,3,0,0,0,0,,,,,,
perimetercid/www.perimetercid.org/rfps/19BarfieldRd@AbernathyRdPM.txt,BARFIELD ROAD / ABERNATHY ROAD,Cars - Trucks,4/25/2012,16:15-16:30,25,33,155,33,307,28,29,18,22,9,206,6,0,0,0,0,,,,,,
perimetercid/www.perimetercid.org/rfps/19BarfieldRd@AbernathyRdPM.txt,BARFIELD ROAD / ABERNATHY ROAD,Cars - Trucks,4/25/2012,16:30-16:45,14,38,186,28,339,20,37,13,19,14,164,3,0,0,0,1,,,,,,
perimetercid/www.perimetercid.org/rfps/19BarfieldRd@AbernathyRdPM.txt,BARFIELD ROAD / ABERNATHY ROAD,Cars - Trucks,4/25/2012,16:45-17:00,17,31,171,26,301,23,40,17,17,11,153,3,0,0,0,1,,,,,,
perimetercid/www.perimetercid.org/rfps/19BarfieldRd@AbernathyRdPM.txt,BARFIELD ROAD / ABERNATHY ROAD,Cars - Trucks,4/25/2012,17:00-17:15,5,74,238,21,210,23,30,16,24,11,162,9,0,1,0,0,,,,,,
perimetercid/www.perimetercid.org/rfps/19BarfieldRd@AbernathyRdPM.txt,BARFIELD ROAD / ABERNATHY ROAD,Cars - Trucks,4/25/2012,17:15-17:30,18,43,190,41,264,25,33,15,23,13,163,3,0,1,0,0,,,,,,
perimetercid/www.perimetercid.org/rfps/19BarfieldRd@AbernathyRdPM.txt,BARFIELD ROAD / ABERNATHY ROAD,Cars - Trucks,4/25/2012,17:30-17:45,18,59,227,50,230,38,24,18,16,15,177,4,0,1,0,0,,,,,,
perimetercid/www.perimetercid.org/rfps/19BarfieldRd@AbernathyRdPM.txt,BARFIELD ROAD / ABERNATHY ROAD,Cars - Trucks,4/25/2012,17:45-18:00,16,54,161,52,248,25,25,14,16,9,161,1,0,1,0,1,,,,,,
perimetercid/www.perimetercid.org/rfps/20BarfieldRd@MtVernonHwyAM.txt,BARFIELD ROAD / MT VERNON HWY,Cars - Trucks,4/25/2012,07:00-07:15,11,28,16,1,63,11,13,19,9,6,47,7,0,0,0,1,,,,,,
perimetercid/www.perimetercid.org/rfps/20BarfieldRd@MtVernonHwyAM.txt,BARFIELD ROAD / MT VERNON HWY,Cars - Trucks,4/25/2012,07:15-07:30,12,39,16,2,122,18,10,24,4,5,73,9,0,0,5,0,,,,,,
perimetercid/www.perimetercid.org/rfps/20BarfieldRd@MtVernonHwyAM.txt,BARFIELD ROAD / MT VERNON HWY,Cars - Trucks,4/25/2012,07:30-07:45,16,36,22,2,121,19,13,45,12,9,113,24,0,0,1,0,,,,,,
perimetercid/www.perimetercid.org/rfps/20BarfieldRd@MtVernonHwyAM.txt,BARFIELD ROAD / MT VERNON HWY,Cars - Trucks,4/25/2012,07:45-08:00,17,45,31,9,110,20,16,35,8,13,128,20,0,0,5,0,,,,,,
perimetercid/www.perimetercid.org/rfps/20BarfieldRd@MtVernonHwyAM.txt,BARFIELD ROAD / MT VERNON HWY,Cars - Trucks,4/25/2012,08:00-08:15,18,53,32,7,84,21,23,29,6,9,126,23,1,1,0,0,,,,,,
perimetercid/www.perimetercid.org/rfps/20BarfieldRd@MtVernonHwyAM.txt,BARFIELD ROAD / MT VERNON HWY,Cars - Trucks,4/25/2012,08:15-08:30,14,55,33,7,73,17,16,26,11,12,129,27,2,0,1,0,,,,,,
perimetercid/www.perimetercid.org/rfps/20BarfieldRd@MtVernonHwyAM.txt,BARFIELD ROAD / MT VERNON HWY,Cars - Trucks,4/25/2012,08:30-08:45,9,40,29,7,65,29,21,36,7,13,132,21,0,0,1,0,,,,,,
perimetercid/www.perimetercid.org/rfps/20BarfieldRd@MtVernonHwyAM.txt,BARFIELD ROAD / MT VERNON HWY,Cars - Trucks,4/25/2012,08:45-09:00,18,51,33,3,54,18,14,23,5,16,131,17,0,0,0,0,,,,,,
perimetercid/www.perimetercid.org/rfps/20BarfieldRd@MtVernonHwyPM.txt,BARFIELD ROAD / MT VERNON HWY,Cars - Trucks,4/25/2012,16:00-16:15,21,23,13,17,105,19,17,43,17,8,116,15,0,0,1,0,,,,,,
perimetercid/www.perimetercid.org/rfps/20BarfieldRd@MtVernonHwyPM.txt,BARFIELD ROAD / MT VERNON HWY,Cars - Trucks,4/25/2012,16:15-16:30,25,29,11,13,113,20,13,32,11,5,123,27,0,0,3,1,,,,,,
perimetercid/www.perimetercid.org/rfps/20BarfieldRd@MtVernonHwyPM.txt,BARFIELD ROAD / MT VERNON HWY,Cars - Trucks,4/25/2012,16:30-16:45,13,30,12,17,118,20,17,42,14,12,109,26,1,0,3,0,,,,,,
perimetercid/www.perimetercid.org/rfps/20BarfieldRd@MtVernonHwyPM.txt,BARFIELD ROAD / MT VERNON HWY,Cars - Trucks,4/25/2012,16:45-17:00,21,34,8,16,137,19,18,41,18,6,93,22,1,1,1,0,,,,,,
perimetercid/www.perimetercid.org/rfps/20BarfieldRd@MtVernonHwyPM.txt,BARFIELD ROAD / MT VERNON HWY,Cars - Trucks,4/25/2012,17:00-17:15,36,34,21,18,119,18,24,50,10,8,113,26,1,0,1,0,,,,,,
perimetercid/www.perimetercid.org/rfps/20BarfieldRd@MtVernonHwyPM.txt,BARFIELD ROAD / MT VERNON HWY,Cars - Trucks,4/25/2012,17:15-17:30,29,44,18,20,138,19,24,47,21,13,105,15,1,0,0,0,,,,,,
perimetercid/www.perimetercid.org/rfps/20BarfieldRd@MtVernonHwyPM.txt,BARFIELD ROAD / MT VERNON HWY,Cars - Trucks,4/25/2012,17:30-17:45,26,48,14,16,132,23,37,48,21,11,85,11,0,0,1,0,,,,,,
perimetercid/www.perimetercid.org/rfps/20BarfieldRd@MtVernonHwyPM.txt,BARFIELD ROAD / MT VERNON HWY,Cars - Trucks,4/25/2012,17:45-18:00,21,51,12,12,102,19,31,43,21,7,89,20,0,0,1,0,,,,,,
perimetercid/www.perimetercid.org/rfps/21MountVernonHwy@AbernathyRdAM.txt,MOUNT VERNON HWY / ABERNATHY ROAD,Cars - Trucks,4/25/2012,07:00-07:15,97,95,14,16,105,12,12,27,1,6,204,73,0,0,0,0,,,,,,
perimetercid/www.perimetercid.org/rfps/21MountVernonHwy@AbernathyRdAM.txt,MOUNT VERNON HWY / ABERNATHY ROAD,Cars - Trucks,4/25/2012,07:15-07:30,144,146,27,22,148,13,13,39,8,10,230,55,0,1,2,0,,,,,,
perimetercid/www.perimetercid.org/rfps/21MountVernonHwy@AbernathyRdAM.txt,MOUNT VERNON HWY / ABERNATHY ROAD,Cars - Trucks,4/25/2012,07:30-07:45,135,172,19,20,158,8,18,68,2,5,246,51,2,0,0,0,,,,,,
perimetercid/www.perimetercid.org/rfps/21MountVernonHwy@AbernathyRdAM.txt,MOUNT VERNON HWY / ABERNATHY ROAD,Cars - Trucks,4/25/2012,07:45-08:00,143,143,39,26,182,15,21,85,10,6,266,63,2,0,0,0,,,,,,
perimetercid/www.perimetercid.org/rfps/21MountVernonHwy@AbernathyRdAM.txt,MOUNT VERNON HWY / ABERNATHY ROAD,Cars - Trucks,4/25/2012,08:00-08:15,122,100,24,36,168,17,29,57,5,9,254,78,3,3,0,0,,,,,,
perimetercid/www.perimetercid.org/rfps/21MountVernonHwy@AbernathyRdAM.txt,MOUNT VERNON HWY / ABERNATHY ROAD,Cars - Trucks,4/25/2012,08:15-08:30,129,125,29,19,175,15,25,70,9,5,282,66,2,4,0,1,,,,,,
perimetercid/www.perimetercid.org/rfps/21MountVernonHwy@AbernathyRdAM.txt,MOUNT VERNON HWY / ABERNATHY ROAD,Cars - Trucks,4/25/2012,08:30-08:45,113,111,40,23,193,17,33,76,9,6,289,76,3,1,0,0,,,,,,
perimetercid/www.perimetercid.org/rfps/21MountVernonHwy@AbernathyRdAM.txt,MOUNT VERNON HWY / ABERNATHY ROAD,Cars - Trucks,4/25/2012,08:45-09:00,100,91,35,21,154,7,21,85,12,1,298,73,2,0,0,0,,,,,,
perimetercid/www.perimetercid.org/rfps/21MountVernonHwy@AbernathyRdPM.txt,MOUNT VERNON HWY / ABERNATHY ROAD,Cars - Trucks,4/25/2012,16:00-16:15,102,95,47,28,271,25,26,109,10,6,160,95,5,0,0,1,,,,,,
perimetercid/www.perimetercid.org/rfps/21MountVernonHwy@AbernathyRdPM.txt,MOUNT VERNON HWY / ABERNATHY ROAD,Cars - Trucks,4/25/2012,16:15-16:30,91,96,32,27,266,16,28,147,3,10,141,77,2,2,3,1,,,,,,
perimetercid/www.perimetercid.org/rfps/21MountVernonHwy@AbernathyRdPM.txt,MOUNT VERNON HWY / ABERNATHY ROAD,Cars - Trucks,4/25/2012,16:30-16:45,107,101,33,35,287,25,22,116,8,6,174,82,6,2,0,4,,,,,,
perimetercid/www.perimetercid.org/rfps/21MountVernonHwy@AbernathyRdPM.txt,MOUNT VERNON HWY / ABERNATHY ROAD,Cars - Trucks,4/25/2012,16:45-17:00,106,94,50,33,303,27,28,101,7,3,186,69,3,0,0,1,,,,,,
perimetercid/www.perimetercid.org/rfps/21MountVernonHwy@AbernathyRdPM.txt,MOUNT VERNON HWY / ABERNATHY ROAD,Cars - Trucks,4/25/2012,17:00-17:15,114,108,52,28,279,28,27,119,6,6,184,78,0,1,1,0,,,,,,
perimetercid/www.perimetercid.org/rfps/21MountVernonHwy@AbernathyRdPM.txt,MOUNT VERNON HWY / ABERNATHY ROAD,Cars - Trucks,4/25/2012,17:15-17:30,141,89,44,21,297,19,30,153,7,3,231,81,0,1,0,0,,,,,,
perimetercid/www.perimetercid.org/rfps/21MountVernonHwy@AbernathyRdPM.txt,MOUNT VERNON HWY / ABERNATHY ROAD,Cars - Trucks,4/25/2012,17:30-17:45,112,101,37,30,278,22,30,93,7,2,232,72,0,3,2,0,,,,,,
perimetercid/www.perimetercid.org/rfps/21MountVernonHwy@AbernathyRdPM.txt,MOUNT VERNON HWY / ABERNATHY ROAD,Cars - Trucks,4/25/2012,17:45-18:00,107,90,56,18,239,27,19,124,4,2,223,83,1,4,0,0,,,,,,
perimetercid/www.perimetercid.org/rfps/22PeachtreeDunwoodyRd@GlenridgeConnAM.txt,PEACHTREE DUNWOODY ROAD / GLENRIDGE CONNECTOR,Cars - Trucks,4/25/2012,07:00-07:15,56,31,2,1,2,0,0,63,56,59,0,139,0,2,0,0,,,,,,
perimetercid/www.perimetercid.org/rfps/22PeachtreeDunwoodyRd@GlenridgeConnAM.txt,PEACHTREE DUNWOODY ROAD / GLENRIDGE CONNECTOR,Cars - Trucks,4/25/2012,07:15-07:30,71,28,1,4,5,2,1,105,124,59,1,127,0,1,0,0,,,,,,
perimetercid/www.perimetercid.org/rfps/22PeachtreeDunwoodyRd@GlenridgeConnAM.txt,PEACHTREE DUNWOODY ROAD / GLENRIDGE CONNECTOR,Cars - Trucks,4/25/2012,07:30-07:45,106,62,1,2,3,4,1,130,153,62,2,143,0,1,0,0,,,,,,
perimetercid/www.perimetercid.org/rfps/22PeachtreeDunwoodyRd@GlenridgeConnAM.txt,PEACHTREE DUNWOODY ROAD / GLENRIDGE CONNECTOR,Cars - Trucks,4/25/2012,07:45-08:00,133,48,1,2,5,4,1,159,143,74,1,179,0,0,0,0,,,,,,
perimetercid/www.perimetercid.org/rfps/22PeachtreeDunwoodyRd@GlenridgeConnAM.txt,PEACHTREE DUNWOODY ROAD / GLENRIDGE CONNECTOR,Cars - Trucks,4/25/2012,08:00-08:15,115,62,0,5,5,3,0,160,155,52,2,166,0,1,0,0,,,,,,
perimetercid/www.perimetercid.org/rfps/22PeachtreeDunwoodyRd@GlenridgeConnAM.txt,PEACHTREE DUNWOODY ROAD / GLENRIDGE CONNECTOR,Cars - Trucks,4/25/2012,08:15-08:30,120,53,0,2,6,0,0,148,141,66,2,185,0,1,0,0,,,,,,
perimetercid/www.perimetercid.org/rfps/22PeachtreeDunwoodyRd@GlenridgeConnAM.txt,PEACHTREE DUNWOODY ROAD / GLENRIDGE CONNECTOR,Cars - Trucks,4/25/2012,08:30-08:45,91,78,1,1,4,0,1,134,118,67,2,171,1,0,0,0,,,,,,
perimetercid/www.perimetercid.org/rfps/22PeachtreeDunwoodyRd@GlenridgeConnAM.txt,PEACHTREE DUNWOODY ROAD / GLENRIDGE CONNECTOR,Cars - Trucks,4/25/2012,08:45-09:00,100,33,3,3,5,3,1,140,102,65,1,188,0,0,0,0,,,,,,
perimetercid/www.perimetercid.org/rfps/22PeachtreeDunwoodyRd@GlenridgeConnPM.txt,PEACHTREE DUNWOODY ROAD / GLENRIDGE CONNECTOR,Cars - Trucks,4/25/2012,16:00-16:15,185,118,0,4,4,1,1,53,52,86,5,83,0,1,0,0,,,,,,
perimetercid/www.perimetercid.org/rfps/22PeachtreeDunwoodyRd@GlenridgeConnPM.txt,PEACHTREE DUNWOODY ROAD / GLENRIDGE CONNECTOR,Cars - Trucks,4/25/2012,16:15-16:30,224,93,2,4,7,0,2,62,70,104,3,77,0,0,0,0,,,,,,
perimetercid/www.perimetercid.org/rfps/22PeachtreeDunwoodyRd@GlenridgeConnPM.txt,PEACHTREE DUNWOODY ROAD / GLENRIDGE CONNECTOR,Cars - Trucks,4/25/2012,16:30-16:45,228,160,1,0,2,2,5,54,62,119,5,74,0,0,0,0,,,,,,
perimetercid/www.perimetercid.org/rfps/22PeachtreeDunwoodyRd@GlenridgeConnPM.txt,PEACHTREE DUNWOODY ROAD / GLENRIDGE CONNECTOR,Cars - Trucks,4/25/2012,16:45-17:00,206,124,2,3,2,2,2,56,61,124,2,76,1,0,0,1,,,,,,
perimetercid/www.perimetercid.org/rfps/22PeachtreeDunwoodyRd@GlenridgeConnPM.txt,PEACHTREE DUNWOODY ROAD / GLENRIDGE CONNECTOR,Cars - Trucks,4/25/2012,17:00-17:15,243,180,0,2,6,1,5,67,69,131,9,68,0,1,0,0,,,,,,
perimetercid/www.perimetercid.org/rfps/22PeachtreeDunwoodyRd@GlenridgeConnPM.txt,PEACHTREE DUNWOODY ROAD / GLENRIDGE CONNECTOR,Cars - Trucks,4/25/2012,17:15-17:30,220,171,1,1,3,2,5,75,72,150,7,79,0,0,0,1,,,,,,
perimetercid/www.perimetercid.org/rfps/22PeachtreeDunwoodyRd@GlenridgeConnPM.txt,PEACHTREE DUNWOODY ROAD / GLENRIDGE CONNECTOR,Cars - Trucks,4/25/2012,17:30-17:45,193,156,1,5,3,1,2,49,82,133,4,93,0,4,0,0,,,,,,
perimetercid/www.perimetercid.org/rfps/22PeachtreeDunwoodyRd@GlenridgeConnPM.txt,PEACHTREE DUNWOODY ROAD / GLENRIDGE CONNECTOR,Cars - Trucks,4/25/2012,17:45-18:00,133,122,1,2,2,3,4,80,67,130,0,88,0,4,0,0,,,,,,
perimetercid/www.perimetercid.org/rfps/23PeachtreeDunwoodyRd@JohnsonFerryRdAM.txt,PEACHTREE DUNWOODY ROAD / JOHNSON FERRY ROAD,Cars - Trucks,4/25/2012,07:00-07:15,103,84,29,49,71,41,43,115,9,6,41,85,0,1,0,0,,,,,,
perimetercid/www.perimetercid.org/rfps/23PeachtreeDunwoodyRd@JohnsonFerryRdAM.txt,PEACHTREE DUNWOODY ROAD / JOHNSON FERRY ROAD,Cars - Trucks,4/25/2012,07:15-07:30,113,74,41,54,97,62,35,150,14,4,71,93,1,0,0,0,,,,,,
perimetercid/www.perimetercid.org/rfps/23PeachtreeDunwoodyRd@JohnsonFerryRdAM.txt,PEACHTREE DUNWOODY ROAD / JOHNSON FERRY ROAD,Cars - Trucks,4/25/2012,07:30-07:45,144,112,38,75,106,82,36,181,21,7,87,104,2,0,0,0,,,,,,
perimetercid/www.perimetercid.org/rfps/23PeachtreeDunwoodyRd@JohnsonFerryRdAM.txt,PEACHTREE DUNWOODY ROAD / JOHNSON FERRY ROAD,Cars - Trucks,4/25/2012,07:45-08:00,122,101,36,96,141,101,48,254,17,4,68,146,1,0,0,0,,,,,,
perimetercid/www.perimetercid.org/rfps/23PeachtreeDunwoodyRd@JohnsonFerryRdAM.txt,PEACHTREE DUNWOODY ROAD / JOHNSON FERRY ROAD,Cars - Trucks,4/25/2012,08:00-08:15,124,99,31,85,124,87,49,247,15,14,75,107,0,4,0,0,,,,,,
perimetercid/www.perimetercid.org/rfps/23PeachtreeDunwoodyRd@JohnsonFerryRdAM.txt,PEACHTREE DUNWOODY ROAD / JOHNSON FERRY ROAD,Cars - Trucks,4/25/2012,08:15-08:30,109,110,35,78,113,79,35,247,8,12,54,89,0,2,0,0,,,,,,
perimetercid/www.perimetercid.org/rfps/23PeachtreeDunwoodyRd@JohnsonFerryRdAM.txt,PEACHTREE DUNWOODY ROAD / JOHNSON FERRY ROAD,Cars - Trucks,4/25/2012,08:30-08:45,123,128,35,90,100,64,38,250,14,15,55,97,1,2,0,0,,,,,,
perimetercid/www.perimetercid.org/rfps/23PeachtreeDunwoodyRd@JohnsonFerryRdAM.txt,PEACHTREE DUNWOODY ROAD / JOHNSON FERRY ROAD,Cars - Trucks,4/25/2012,08:45-09:00,101,88,35,78,121,57,31,265,13,10,64,112,2,3,0,0,,,,,,
perimetercid/www.perimetercid.org/rfps/23PeachtreeDunwoodyRd@JohnsonFerryRdPM.txt,PEACHTREE DUNWOODY ROAD / JOHNSON FERRY ROAD,Cars - Trucks,4/25/2012,16:00-16:15,145,176,50,49,80,53,38,119,17,7,77,99,0,1,0,0,,,,,,
perimetercid/www.perimetercid.org/rfps/23PeachtreeDunwoodyRd@JohnsonFerryRdPM.txt,PEACHTREE DUNWOODY ROAD / JOHNSON FERRY ROAD,Cars - Trucks,4/25/2012,16:15-16:30,106,174,47,41,78,77,48,103,14,8,84,92,0,4,3,0,,,,,,
perimetercid/www.perimetercid.org/rfps/23PeachtreeDunwoodyRd@JohnsonFerryRdPM.txt,PEACHTREE DUNWOODY ROAD / JOHNSON FERRY ROAD,Cars - Trucks,4/25/2012,16:30-16:45,129,229,62,45,87,68,46,113,13,9,81,90,2,5,0,0,,,,,,
perimetercid/www.perimetercid.org/rfps/23PeachtreeDunwoodyRd@JohnsonFerryRdPM.txt,PEACHTREE DUNWOODY ROAD / JOHNSON FERRY ROAD,Cars - Trucks,4/25/2012,16:45-17:00,115,205,58,42,60,70,45,99,13,5,82,88,0,1,0,0,,,,,,
perimetercid/www.perimetercid.org/rfps/23PeachtreeDunwoodyRd@JohnsonFerryRdPM.txt,PEACHTREE DUNWOODY ROAD / JOHNSON FERRY ROAD,Cars - Trucks,4/25/2012,17:00-17:15,117,238,104,37,83,64,60,111,10,6,69,55,1,0,0,0,,,,,,
perimetercid/www.perimetercid.org/rfps/23PeachtreeDunwoodyRd@JohnsonFerryRdPM.txt,PEACHTREE DUNWOODY ROAD / JOHNSON FERRY ROAD,Cars - Trucks,4/25/2012,17:15-17:30,119,264,103,42,62,61,60,113,8,5,95,83,0,0,1,0,,,,,,
perimetercid/www.perimetercid.org/rfps/23PeachtreeDunwoodyRd@JohnsonFerryRdPM.txt,PEACHTREE DUNWOODY ROAD / JOHNSON FERRY ROAD,Cars - Trucks,4/25/2012,17:30-17:45,118,251,58,25,60,43,57,110,4,4,81,84,0,2,0,0,,,,,,
perimetercid/www.perimetercid.org/rfps/23PeachtreeDunwoodyRd@JohnsonFerryRdPM.txt,PEACHTREE DUNWOODY ROAD / JOHNSON FERRY ROAD,Cars - Trucks,4/25/2012,17:45-18:00,103,213,69,42,58,31,44,128,7,3,68,66,0,4,0,0,,,,,,
perimetercid/www.perimetercid.org/rfps/24PeachtreeDunwoodyRd@LakeHearnDrAM.txt,PEACHTREE DUNWOODY ROAD / LAKE HEARN DRIVE,Cars - Trucks,4/25/2012,07:00-07:15,40,380,27,10,2,23,23,133,7,0,0,3,0,0,1,1,,,,,,
perimetercid/www.perimetercid.org/rfps/24PeachtreeDunwoodyRd@LakeHearnDrAM.txt,PEACHTREE DUNWOODY ROAD / LAKE HEARN DRIVE,Cars - Trucks,4/25/2012,07:15-07:30,28,391,32,11,1,19,24,189,6,0,0,6,1,1,2,4,,,,,,
perimetercid/www.perimetercid.org/rfps/24PeachtreeDunwoodyRd@LakeHearnDrAM.txt,PEACHTREE DUNWOODY ROAD / LAKE HEARN DRIVE,Cars - Trucks,4/25/2012,07:30-07:45,33,398,42,15,5,26,27,258,9,0,0,17,0,0,1,1,,,,,,
perimetercid/www.perimetercid.org/rfps/24PeachtreeDunwoodyRd@LakeHearnDrAM.txt,PEACHTREE DUNWOODY ROAD / LAKE HEARN DRIVE,Cars - Trucks,4/25/2012,07:45-08:00,35,398,41,19,3,31,71,309,15,0,1,14,0,0,0,0,,,,,,
perimetercid/www.perimetercid.org/rfps/24PeachtreeDunwoodyRd@LakeHearnDrAM.txt,PEACHTREE DUNWOODY ROAD / LAKE HEARN DRIVE,Cars - Trucks,4/25/2012,08:00-08:15,20,361,40,20,1,27,65,303,10,0,0,8,0,0,0,1,,,,,,
perimetercid/www.perimetercid.org/rfps/24PeachtreeDunwoodyRd@LakeHearnDrAM.txt,PEACHTREE DUNWOODY ROAD / LAKE HEARN DRIVE,Cars - Trucks,4/25/2012,08:15-08:30,23,390,43,18,4,31,67,290,11,0,0,1,1,0,0,3,,,,,,
perimetercid/www.perimetercid.org/rfps/24PeachtreeDunwoodyRd@LakeHearnDrAM.txt,PEACHTREE DUNWOODY ROAD / LAKE HEARN DRIVE,Cars - Trucks,4/25/2012,08:30-08:45,15,386,47,26,4,35,40,298,6,0,1,8,0,0,1,3,,,,,,
perimetercid/www.perimetercid.org/rfps/24PeachtreeDunwoodyRd@LakeHearnDrAM.txt,PEACHTREE DUNWOODY ROAD / LAKE HEARN DRIVE,Cars - Trucks,4/25/2012,08:45-09:00,29,319,45,19,3,26,58,332,10,0,0,6,0,0,1,4,,,,,,
perimetercid/www.perimetercid.org/rfps/24PeachtreeDunwoodyRd@LakeHearnDrPM.txt,PEACHTREE DUNWOODY ROAD / LAKE HEARN DRIVE,Cars - Trucks,4/25/2012,16:00-16:15,4,216,6,37,0,63,18,425,7,1,4,15,0,0,3,3,,,,,,
perimetercid/www.perimetercid.org/rfps/24PeachtreeDunwoodyRd@LakeHearnDrPM.txt,PEACHTREE DUNWOODY ROAD / LAKE HEARN DRIVE,Cars - Trucks,4/25/2012,16:15-16:30,3,206,19,33,0,46,19,414,0,0,6,25,4,4,0,0,,,,,,
perimetercid/www.perimetercid.org/rfps/24PeachtreeDunwoodyRd@LakeHearnDrPM.txt,PEACHTREE DUNWOODY ROAD / LAKE HEARN DRIVE,Cars - Trucks,4/25/2012,16:30-16:45,2,252,16,35,1,61,28,408,0,1,6,19,0,0,1,4,,,,,,
perimetercid/www.perimetercid.org/rfps/24PeachtreeDunwoodyRd@LakeHearnDrPM.txt,PEACHTREE DUNWOODY ROAD / LAKE HEARN DRIVE,Cars - Trucks,4/25/2012,16:45-17:00,2,230,20,27,1,63,25,350,2,0,6,14,0,4,0,1,,,,,,
perimetercid/www.perimetercid.org/rfps/24PeachtreeDunwoodyRd@LakeHearnDrPM.txt,PEACHTREE DUNWOODY ROAD / LAKE HEARN DRIVE,Cars - Trucks,4/25/2012,17:00-17:15,1,290,9,27,0,72,22,333,1,0,6,19,1,0,0,0,,,,,,
perimetercid/www.perimetercid.org/rfps/24PeachtreeDunwoodyRd@LakeHearnDrPM.txt,PEACHTREE DUNWOODY ROAD / LAKE HEARN DRIVE,Cars - Trucks,4/25/2012,17:15-17:30,3,320,9,28,0,93,27,340,0,1,6,13,2,0,0,0,,,,,,
perimetercid/www.perimetercid.org/rfps/24PeachtreeDunwoodyRd@LakeHearnDrPM.txt,PEACHTREE DUNWOODY ROAD / LAKE HEARN DRIVE,Cars - Trucks,4/25/2012,17:30-17:45,0,254,21,33,0,85,21,328,1,0,1,8,1,1,1,0,,,,,,
perimetercid/www.perimetercid.org/rfps/24PeachtreeDunwoodyRd@LakeHearnDrPM.txt,PEACHTREE DUNWOODY ROAD / LAKE HEARN DRIVE,Cars - Trucks,4/25/2012,17:45-18:00,3,260,15,33,0,71,21,291,1,3,1,9,0,0,1,0,,,,,,
perimetercid/www.perimetercid.org/rfps/25PeachtreeDunwoodyRd@I-285EBRampAM.txt,PEACHTREE DUNWOODY ROAD / I-285 EB RAMP,Cars - Trucks,4/25/2012,07:00-07:15,0,461,36,0,0,0,46,101,0,0,0,0,0,0,0,0,,,,,,
perimetercid/www.perimetercid.org/rfps/25PeachtreeDunwoodyRd@I-285EBRampAM.txt,PEACHTREE DUNWOODY ROAD / I-285 EB RAMP,Cars - Trucks,4/25/2012,07:15-07:30,0,436,56,0,0,0,65,139,0,0,0,0,0,0,0,0,,,,,,
perimetercid/www.perimetercid.org/rfps/25PeachtreeDunwoodyRd@I-285EBRampAM.txt,PEACHTREE DUNWOODY ROAD / I-285 EB RAMP,Cars - Trucks,4/25/2012,07:30-07:45,0,496,58,0,0,0,99,184,0,0,0,0,0,0,0,0,,,,,,
perimetercid/www.perimetercid.org/rfps/25PeachtreeDunwoodyRd@I-285EBRampAM.txt,PEACHTREE DUNWOODY ROAD / I-285 EB RAMP,Cars - Trucks,4/25/2012,07:45-08:00,0,462,60,0,0,0,102,237,0,0,0,0,0,0,0,0,,,,,,
perimetercid/www.perimetercid.org/rfps/25PeachtreeDunwoodyRd@I-285EBRampAM.txt,PEACHTREE DUNWOODY ROAD / I-285 EB RAMP,Cars - Trucks,4/25/2012,08:00-08:15,0,431,65,0,0,0,79,248,0,0,0,0,0,0,0,0,,,,,,
perimetercid/www.perimetercid.org/rfps/25PeachtreeDunwoodyRd@I-285EBRampAM.txt,PEACHTREE DUNWOODY ROAD / I-285 EB RAMP,Cars - Trucks,4/25/2012,08:15-08:30,0,462,68,0,0,0,66,250,0,0,0,0,0,0,0,0,,,,,,
perimetercid/www.perimetercid.org/rfps/25PeachtreeDunwoodyRd@I-285EBRampAM.txt,PEACHTREE DUNWOODY ROAD / I-285 EB RAMP,Cars - Trucks,4/25/2012,08:30-08:45,0,456,60,0,0,0,66,256,0,0,0,0,0,0,0,0,,,,,,
perimetercid/www.perimetercid.org/rfps/25PeachtreeDunwoodyRd@I-285EBRampAM.txt,PEACHTREE DUNWOODY ROAD / I-285 EB RAMP,Cars - Trucks,4/25/2012,08:45-09:00,0,395,55,0,0,0,66,281,0,0,0,0,0,0,0,0,,,,,,
perimetercid/www.perimetercid.org/rfps/25PeachtreeDunwoodyRd@I-285EBRampPM.txt,PEACHTREE DUNWOODY ROAD / I-285 EB RAMP,Cars - Trucks,4/25/2012,16:00-16:15,0,231,190,0,0,0,216,252,0,0,0,0,0,1,0,0,,,,,,
perimetercid/www.perimetercid.org/rfps/25PeachtreeDunwoodyRd@I-285EBRampPM.txt,PEACHTREE DUNWOODY ROAD / I-285 EB RAMP,Cars - Trucks,4/25/2012,16:15-16:30,0,222,166,0,0,0,223,253,0,0,0,0,0,0,0,0,,,,,,
perimetercid/www.perimetercid.org/rfps/25PeachtreeDunwoodyRd@I-285EBRampPM.txt,PEACHTREE DUNWOODY ROAD / I-285 EB RAMP,Cars - Trucks,4/25/2012,16:30-16:45,0,270,186,0,0,0,204,252,0,0,0,0,0,0,0,0,,,,,,
perimetercid/www.perimetercid.org/rfps/25PeachtreeDunwoodyRd@I-285EBRampPM.txt,PEACHTREE DUNWOODY ROAD / I-285 EB RAMP,Cars - Trucks,4/25/2012,16:45-17:00,0,240,212,0,0,0,170,233,0,0,0,0,0,0,0,0,,,,,,
perimetercid/www.perimetercid.org/rfps/25PeachtreeDunwoodyRd@I-285EBRampPM.txt,PEACHTREE DUNWOODY ROAD / I-285 EB RAMP,Cars - Trucks,4/25/2012,17:00-17:15,0,304,218,0,0,0,161,211,0,0,0,0,0,0,0,0,,,,,,
perimetercid/www.perimetercid.org/rfps/25PeachtreeDunwoodyRd@I-285EBRampPM.txt,PEACHTREE DUNWOODY ROAD / I-285 EB RAMP,Cars - Trucks,4/25/2012,17:15-17:30,0,329,207,0,0,0,154,247,0,0,0,0,0,0,0,0,,,,,,
perimetercid/www.perimetercid.org/rfps/25PeachtreeDunwoodyRd@I-285EBRampPM.txt,PEACHTREE DUNWOODY ROAD / I-285 EB RAMP,Cars - Trucks,4/25/2012,17:30-17:45,0,275,188,0,0,0,130,222,0,0,0,0,0,0,0,0,,,,,,
perimetercid/www.perimetercid.org/rfps/25PeachtreeDunwoodyRd@I-285EBRampPM.txt,PEACHTREE DUNWOODY ROAD / I-285 EB RAMP,Cars - Trucks,4/25/2012,17:45-18:00,0,275,167,0,0,0,103,246,0,0,0,0,0,0,0,0,,,,,,
perimetercid/www.perimetercid.org/rfps/26PeachtreeDunwoodyRd@I-285WBRampAM.txt,PEACHTREE DUNWOODY ROAD / I-285 WB RAMP,Cars - Trucks,4/25/2012,07:00-07:15,0,243,0,165,0,232,0,89,0,0,0,0,0,0,0,0,,,,,,
perimetercid/www.perimetercid.org/rfps/26PeachtreeDunwoodyRd@I-285WBRampAM.txt,PEACHTREE DUNWOODY ROAD / I-285 WB RAMP,Cars - Trucks,4/25/2012,07:15-07:30,0,283,0,168,0,277,0,156,0,0,0,0,0,0,0,0,,,,,,
perimetercid/www.perimetercid.org/rfps/26PeachtreeDunwoodyRd@I-285WBRampAM.txt,PEACHTREE DUNWOODY ROAD / I-285 WB RAMP,Cars - Trucks,4/25/2012,07:30-07:45,0,289,0,172,0,238,0,203,0,0,0,0,0,1,0,0,,,,,,
perimetercid/www.perimetercid.org/rfps/26PeachtreeDunwoodyRd@I-285WBRampAM.txt,PEACHTREE DUNWOODY ROAD / I-285 WB RAMP,Cars - Trucks,4/25/2012,07:45-08:00,0,286,0,205,0,214,0,248,0,0,0,0,0,0,0,0,,,,,,
perimetercid/www.perimetercid.org/rfps/26PeachtreeDunwoodyRd@I-285WBRampAM.txt,PEACHTREE DUNWOODY ROAD / I-285 WB RAMP,Cars - Trucks,4/25/2012,08:00-08:15,0,310,0,232,0,219,0,244,0,0,0,0,0,0,0,0,,,,,,
perimetercid/www.perimetercid.org/rfps/26PeachtreeDunwoodyRd@I-285WBRampAM.txt,PEACHTREE DUNWOODY ROAD / I-285 WB RAMP,Cars - Trucks,4/25/2012,08:15-08:30,0,281,0,192,0,234,0,239,0,0,0,0,0,0,0,0,,,,,,
perimetercid/www.perimetercid.org/rfps/26PeachtreeDunwoodyRd@I-285WBRampAM.txt,PEACHTREE DUNWOODY ROAD / I-285 WB RAMP,Cars - Trucks,4/25/2012,08:30-08:45,0,289,0,216,0,184,0,291,0,0,0,0,0,0,0,0,,,,,,
perimetercid/www.perimetercid.org/rfps/26PeachtreeDunwoodyRd@I-285WBRampAM.txt,PEACHTREE DUNWOODY ROAD / I-285 WB RAMP,Cars - Trucks,4/25/2012,08:45-09:00,0,291,0,227,0,210,0,276,0,0,0,0,0,1,0,0,,,,,,
perimetercid/www.perimetercid.org/rfps/26PeachtreeDunwoodyRd@I-285WBRampPM.txt,PEACHTREE DUNWOODY ROAD / I-285 WB RAMP,Cars - Trucks,4/25/2012,16:00-16:15,0,408,0,60,0,50,0,236,0,0,0,0,0,0,0,0,,,,,,
perimetercid/www.perimetercid.org/rfps/26PeachtreeDunwoodyRd@I-285WBRampPM.txt,PEACHTREE DUNWOODY ROAD / I-285 WB RAMP,Cars - Trucks,4/25/2012,16:15-16:30,0,348,0,68,0,55,0,266,0,0,0,0,0,0,0,0,,,,,,
perimetercid/www.perimetercid.org/rfps/26PeachtreeDunwoodyRd@I-285WBRampPM.txt,PEACHTREE DUNWOODY ROAD / I-285 WB RAMP,Cars - Trucks,4/25/2012,16:30-16:45,0,369,0,87,0,51,0,228,0,0,0,0,0,0,0,0,,,,,,
perimetercid/www.perimetercid.org/rfps/26PeachtreeDunwoodyRd@I-285WBRampPM.txt,PEACHTREE DUNWOODY ROAD / I-285 WB RAMP,Cars - Trucks,4/25/2012,16:45-17:00,0,382,0,100,0,56,0,237,0,0,0,0,0,0,0,0,,,,,,
perimetercid/www.perimetercid.org/rfps/26PeachtreeDunwoodyRd@I-285WBRampPM.txt,PEACHTREE DUNWOODY ROAD / I-285 WB RAMP,Cars - Trucks,4/25/2012,17:00-17:15,0,394,0,93,0,47,0,288,0,0,0,0,0,0,0,0,,,,,,
perimetercid/www.perimetercid.org/rfps/26PeachtreeDunwoodyRd@I-285WBRampPM.txt,PEACHTREE DUNWOODY ROAD / I-285 WB RAMP,Cars - Trucks,4/25/2012,17:15-17:30,0,446,0,87,0,44,0,269,0,0,0,0,0,0,0,0,,,,,,
perimetercid/www.perimetercid.org/rfps/26PeachtreeDunwoodyRd@I-285WBRampPM.txt,PEACHTREE DUNWOODY ROAD / I-285 WB RAMP,Cars - Trucks,4/25/2012,17:30-17:45,0,455,0,97,0,52,0,220,0,0,0,0,0,0,0,0,,,,,,
perimetercid/www.perimetercid.org/rfps/26PeachtreeDunwoodyRd@I-285WBRampPM.txt,PEACHTREE DUNWOODY ROAD / I-285 WB RAMP,Cars - Trucks,4/25/2012,17:45-18:00,0,421,0,114,0,60,0,249,0,0,0,0,0,0,0,0,,,,,,
perimetercid/www.perimetercid.org/rfps/27PeachtreeDunwoodyRd@HammondDrAM.txt,PEACHTREE DUNWOODY ROAD / HAMMOND DRIVE,Cars - Trucks,4/25/2012,07:00-07:15,34,119,20,15,51,26,9,90,67,135,49,44,1,1,0,0,,,,,,
perimetercid/www.perimetercid.org/rfps/27PeachtreeDunwoodyRd@HammondDrAM.txt,PEACHTREE DUNWOODY ROAD / HAMMOND DRIVE,Cars - Trucks,4/25/2012,07:15-07:30,46,161,16,19,70,29,18,108,92,143,86,41,2,0,0,0,,,,,,
perimetercid/www.perimetercid.org/rfps/27PeachtreeDunwoodyRd@HammondDrAM.txt,PEACHTREE DUNWOODY ROAD / HAMMOND DRIVE,Cars - Trucks,4/25/2012,07:30-07:45,40,143,28,20,61,21,26,142,97,168,100,64,4,6,0,2,,,,,,
perimetercid/www.perimetercid.org/rfps/27PeachtreeDunwoodyRd@HammondDrAM.txt,PEACHTREE DUNWOODY ROAD / HAMMOND DRIVE,Cars - Trucks,4/25/2012,07:45-08:00,39,168,32,26,81,32,22,147,103,144,121,60,3,1,0,1,,,,,,
perimetercid/www.perimetercid.org/rfps/27PeachtreeDunwoodyRd@HammondDrAM.txt,PEACHTREE DUNWOODY ROAD / HAMMOND DRIVE,Cars - Trucks,4/25/2012,08:00-08:15,69,155,19,17,88,26,18,184,86,147,131,82,0,0,0,1,,,,,,
perimetercid/www.perimetercid.org/rfps/27PeachtreeDunwoodyRd@HammondDrAM.txt,PEACHTREE DUNWOODY ROAD / HAMMOND DRIVE,Cars - Trucks,4/25/2012,08:15-08:30,51,154,46,29,79,42,12,151,77,145,124,41,3,0,0,1,,,,,,
perimetercid/www.perimetercid.org/rfps/27PeachtreeDunwoodyRd@HammondDrAM.txt,PEACHTREE DUNWOODY ROAD / HAMMOND DRIVE,Cars - Trucks,4/25/2012,08:30-08:45,55,150,37,19,84,43,17,179,105,158,137,85,0,0,0,1,,,,,,
perimetercid/www.perimetercid.org/rfps/27PeachtreeDunwoodyRd@HammondDrAM.txt,PEACHTREE DUNWOODY ROAD / HAMMOND DRIVE,Cars - Trucks,4/25/2012,08:45-09:00,39,154,29,22,85,37,15,165,116,161,137,68,0,0,0,1,,,,,,
perimetercid/www.perimetercid.org/rfps/27PeachtreeDunwoodyRd@HammondDrPM.txt,PEACHTREE DUNWOODY ROAD / HAMMOND DRIVE,Cars - Trucks,4/25/2012,16:00-16:15,80,168,40,22,174,39,44,153,108,140,90,47,1,0,3,0,,,,,,
perimetercid/www.perimetercid.org/rfps/27PeachtreeDunwoodyRd@HammondDrPM.txt,PEACHTREE DUNWOODY ROAD / HAMMOND DRIVE,Cars - Trucks,4/25/2012,16:15-16:30,79,145,29,25,180,33,58,164,108,68,90,61,3,2,7,5,,,,,,
perimetercid/www.perimetercid.org/rfps/27PeachtreeDunwoodyRd@HammondDrPM.txt,PEACHTREE DUNWOODY ROAD / HAMMOND DRIVE,Cars - Trucks,4/25/2012,16:30-16:45,91,162,30,29,187,35,48,178,116,90,110,54,4,0,0,2,,,,,,
perimetercid/www.perimetercid.org/rfps/27PeachtreeDunwoodyRd@HammondDrPM.txt,PEACHTREE DUNWOODY ROAD / HAMMOND DRIVE,Cars - Trucks,4/25/2012,16:45-17:00,69,150,39,40,197,39,43,196,113,99,96,62,1,2,1,1,,,,,,
perimetercid/www.perimetercid.org/rfps/27PeachtreeDunwoodyRd@HammondDrPM.txt,PEACHTREE DUNWOODY ROAD / HAMMOND DRIVE,Cars - Trucks,4/25/2012,17:00-17:15,79,143,29,44,196,39,68,196,115,128,130,67,1,1,1,2,,,,,,
perimetercid/www.perimetercid.org/rfps/27PeachtreeDunwoodyRd@HammondDrPM.txt,PEACHTREE DUNWOODY ROAD / HAMMOND DRIVE,Cars - Trucks,4/25/2012,17:15-17:30,78,142,32,30,201,42,48,227,113,93,150,74,5,1,0,2,,,,,,
perimetercid/www.perimetercid.org/rfps/27PeachtreeDunwoodyRd@HammondDrPM.txt,PEACHTREE DUNWOODY ROAD / HAMMOND DRIVE,Cars - Trucks,4/25/2012,17:30-17:45,57,176,31,35,190,42,45,201,106,118,141,77,1,2,2,1,,,,,,
perimetercid/www.perimetercid.org/rfps/27PeachtreeDunwoodyRd@HammondDrPM.txt,PEACHTREE DUNWOODY ROAD / HAMMOND DRIVE,Cars - Trucks,4/25/2012,17:45-18:00,60,158,26,41,186,41,42,207,101,116,139,72,4,4,5,3,,,,,,
perimetercid/www.perimetercid.org/rfps/28PeachtreeDunwoodyRd@CentralPkwy_CrestlineAM.txt,PEACHTREE DUNWOODY ROAD / CENTRAL PKWY / CRESTLINE,Cars - Trucks,4/25/2012,07:00-07:15,0,114,25,3,1,6,10,83,7,15,3,0,2,4,3,2,,,,,,
perimetercid/www.perimetercid.org/rfps/28PeachtreeDunwoodyRd@CentralPkwy_CrestlineAM.txt,PEACHTREE DUNWOODY ROAD / CENTRAL PKWY / CRESTLINE,Cars - Trucks,4/25/2012,07:15-07:30,3,151,26,4,1,10,7,74,10,22,3,0,0,0,1,2,,,,,,
perimetercid/www.perimetercid.org/rfps/28PeachtreeDunwoodyRd@CentralPkwy_CrestlineAM.txt,PEACHTREE DUNWOODY ROAD / CENTRAL PKWY / CRESTLINE,Cars - Trucks,4/25/2012,07:30-07:45,0,143,24,2,2,19,20,120,3,28,3,4,2,4,2,4,,,,,,
perimetercid/www.perimetercid.org/rfps/28PeachtreeDunwoodyRd@CentralPkwy_CrestlineAM.txt,PEACHTREE DUNWOODY ROAD / CENTRAL PKWY / CRESTLINE,Cars - Trucks,4/25/2012,07:45-08:00,0,160,41,1,2,15,20,110,11,28,5,0,0,1,2,2,,,,,,
perimetercid/www.perimetercid.org/rfps/28PeachtreeDunwoodyRd@CentralPkwy_CrestlineAM.txt,PEACHTREE DUNWOODY ROAD / CENTRAL PKWY / CRESTLINE,Cars - Trucks,4/25/2012,08:00-08:15,0,172,39,3,1,17,25,118,8,20,17,3,0,1,2,1,,,,,,
perimetercid/www.perimetercid.org/rfps/28PeachtreeDunwoodyRd@CentralPkwy_CrestlineAM.txt,PEACHTREE DUNWOODY ROAD / CENTRAL PKWY / CRESTLINE,Cars - Trucks,4/25/2012,08:15-08:30,2,162,45,7,2,15,30,117,1,32,19,1,0,0,1,3,,,,,,
perimetercid/www.perimetercid.org/rfps/28PeachtreeDunwoodyRd@CentralPkwy_CrestlineAM.txt,PEACHTREE DUNWOODY ROAD / CENTRAL PKWY / CRESTLINE,Cars - Trucks,4/25/2012,08:30-08:45,0,170,59,5,4,23,24,118,8,26,18,1,1,3,2,1,,,,,,
perimetercid/www.perimetercid.org/rfps/28PeachtreeDunwoodyRd@CentralPkwy_CrestlineAM.txt,PEACHTREE DUNWOODY ROAD / CENTRAL PKWY / CRESTLINE,Cars - Trucks,4/25/2012,08:45-09:00,3,156,65,6,3,18,37,146,8,29,15,1,0,1,0,0,,,,,,
perimetercid/www.perimetercid.org/rfps/28PeachtreeDunwoodyRd@CentralPkwy_CrestlinePM.txt,PEACHTREE DUNWOODY ROAD / CENTRAL PKWY / CRESTLINE,Cars - Trucks,4/25/2012,16:00-16:15,1,153,10,64,7,43,14,163,21,14,6,0,0,0,2,1,,,,,,
perimetercid/www.perimetercid.org/rfps/28PeachtreeDunwoodyRd@CentralPkwy_CrestlinePM.txt,PEACHTREE DUNWOODY ROAD / CENTRAL PKWY / CRESTLINE,Cars - Trucks,4/25/2012,16:15-16:30,0,139,9,31,24,42,3,165,21,17,4,2,0,0,2,3,,,,,,
perimetercid/www.perimetercid.org/rfps/28PeachtreeDunwoodyRd@CentralPkwy_CrestlinePM.txt,PEACHTREE DUNWOODY ROAD / CENTRAL PKWY / CRESTLINE,Cars - Trucks,4/25/2012,16:30-16:45,7,165,6,41,18,46,6,182,32,20,8,2,0,0,0,0,,,,,,
perimetercid/www.perimetercid.org/rfps/28PeachtreeDunwoodyRd@CentralPkwy_CrestlinePM.txt,PEACHTREE DUNWOODY ROAD / CENTRAL PKWY / CRESTLINE,Cars - Trucks,4/25/2012,16:45-17:00,4,138,11,35,12,43,4,199,27,13,12,0,0,0,0,3,,,,,,
perimetercid/www.perimetercid.org/rfps/28PeachtreeDunwoodyRd@CentralPkwy_CrestlinePM.txt,PEACHTREE DUNWOODY ROAD / CENTRAL PKWY / CRESTLINE,Cars - Trucks,4/25/2012,17:00-17:15,5,166,12,69,27,50,20,212,27,17,9,2,1,4,0,0,,,,,,
perimetercid/www.perimetercid.org/rfps/28PeachtreeDunwoodyRd@CentralPkwy_CrestlinePM.txt,PEACHTREE DUNWOODY ROAD / CENTRAL PKWY / CRESTLINE,Cars - Trucks,4/25/2012,17:15-17:30,3,141,12,42,35,62,14,212,30,12,6,0,0,0,2,1,,,,,,
perimetercid/www.perimetercid.org/rfps/28PeachtreeDunwoodyRd@CentralPkwy_CrestlinePM.txt,PEACHTREE DUNWOODY ROAD / CENTRAL PKWY / CRESTLINE,Cars - Trucks,4/25/2012,17:30-17:45,6,170,12,38,27,58,11,224,28,18,11,0,0,2,1,1,,,,,,
perimetercid/www.perimetercid.org/rfps/28PeachtreeDunwoodyRd@CentralPkwy_CrestlinePM.txt,PEACHTREE DUNWOODY ROAD / CENTRAL PKWY / CRESTLINE,Cars - Trucks,4/25/2012,17:45-18:00,1,163,15,25,15,46,6,192,31,17,8,3,0,1,2,6,,,,,,
perimetercid/www.perimetercid.org/rfps/29PeachtreeDunwoodyRd@MtVernonHwyAM.txt,PEACHTREE DUNWOODY ROAD / MT VERNON HWY,Cars - Trucks,4/25/2012,07:00-07:15,11,24,10,16,96,0,3,50,42,10,58,8,0,1,0,0,,,,,,
perimetercid/www.perimetercid.org/rfps/29PeachtreeDunwoodyRd@MtVernonHwyAM.txt,PEACHTREE DUNWOODY ROAD / MT VERNON HWY,Cars - Trucks,4/25/2012,07:15-07:30,14,55,20,26,125,1,1,123,62,10,45,3,0,1,1,0,,,,,,
perimetercid/www.perimetercid.org/rfps/29PeachtreeDunwoodyRd@MtVernonHwyAM.txt,PEACHTREE DUNWOODY ROAD / MT VERNON HWY,Cars - Trucks,4/25/2012,07:30-07:45,25,60,33,24,113,1,3,128,57,16,91,10,1,2,0,1,,,,,,
perimetercid/www.perimetercid.org/rfps/29PeachtreeDunwoodyRd@MtVernonHwyAM.txt,PEACHTREE DUNWOODY ROAD / MT VERNON HWY,Cars - Trucks,4/25/2012,07:45-08:00,27,88,30,22,145,0,5,102,60,24,92,4,1,2,0,0,,,,,,
perimetercid/www.perimetercid.org/rfps/29PeachtreeDunwoodyRd@MtVernonHwyAM.txt,PEACHTREE DUNWOODY ROAD / MT VERNON HWY,Cars - Trucks,4/25/2012,08:00-08:15,29,84,35,30,148,2,4,68,71,23,83,7,1,1,0,2,,,,,,
perimetercid/www.perimetercid.org/rfps/29PeachtreeDunwoodyRd@MtVernonHwyAM.txt,PEACHTREE DUNWOODY ROAD / MT VERNON HWY,Cars - Trucks,4/25/2012,08:15-08:30,39,63,22,34,157,2,1,65,59,23,70,5,1,1,2,1,,,,,,
perimetercid/www.perimetercid.org/rfps/29PeachtreeDunwoodyRd@MtVernonHwyAM.txt,PEACHTREE DUNWOODY ROAD / MT VERNON HWY,Cars - Trucks,4/25/2012,08:30-08:45,37,59,33,19,164,2,2,63,73,28,71,12,0,0,1,0,,,,,,
perimetercid/www.perimetercid.org/rfps/29PeachtreeDunwoodyRd@MtVernonHwyAM.txt,PEACHTREE DUNWOODY ROAD / MT VERNON HWY,Cars - Trucks,4/25/2012,08:45-09:00,31,62,24,25,165,0,1,60,62,32,90,8,0,0,2,2,,,,,,
perimetercid/www.perimetercid.org/rfps/29PeachtreeDunwoodyRd@MtVernonHwyPM.txt,PEACHTREE DUNWOODY ROAD / MT VERNON HWY,Cars - Trucks,4/25/2012,16:00-16:15,24,74,19,29,82,6,4,73,42,62,175,20,1,1,0,0,,,,,,
perimetercid/www.perimetercid.org/rfps/29PeachtreeDunwoodyRd@MtVernonHwyPM.txt,PEACHTREE DUNWOODY ROAD / MT VERNON HWY,Cars - Trucks,4/25/2012,16:15-16:30,20,80,15,17,95,0,4,83,45,51,163,17,0,1,0,0,,,,,,
perimetercid/www.perimetercid.org/rfps/29PeachtreeDunwoodyRd@MtVernonHwyPM.txt,PEACHTREE DUNWOODY ROAD / MT VERNON HWY,Cars - Trucks,4/25/2012,16:30-16:45,14,103,27,19,124,1,4,84,47,66,179,16,1,2,2,0,,,,,,
perimetercid/www.perimetercid.org/rfps/29PeachtreeDunwoodyRd@MtVernonHwyPM.txt,PEACHTREE DUNWOODY ROAD / MT VERNON HWY,Cars - Trucks,4/25/2012,16:45-17:00,19,90,27,20,92,3,5,95,46,68,187,14,2,2,0,2,,,,,,
perimetercid/www.perimetercid.org/rfps/29PeachtreeDunwoodyRd@MtVernonHwyPM.txt,PEACHTREE DUNWOODY ROAD / MT VERNON HWY,Cars - Trucks,4/25/2012,17:00-17:15,25,118,28,23,87,0,2,101,40,66,232,11,0,1,1,0,,,,,,
perimetercid/www.perimetercid.org/rfps/29PeachtreeDunwoodyRd@MtVernonHwyPM.txt,PEACHTREE DUNWOODY ROAD / MT VERNON HWY,Cars - Trucks,4/25/2012,17:15-17:30,24,100,32,24,82,2,2,76,33,83,199,19,0,3,0,0,,,,,,
perimetercid/www.perimetercid.org/rfps/29PeachtreeDunwoodyRd@MtVernonHwyPM.txt,PEACHTREE DUNWOODY ROAD / MT VERNON HWY,Cars - Trucks,4/25/2012,17:30-17:45,23,90,39,22,105,1,4,79,38,75,214,21,1,0,0,1,,,,,,
perimetercid/www.perimetercid.org/rfps/29PeachtreeDunwoodyRd@MtVernonHwyPM.txt,PEACHTREE DUNWOODY ROAD / MT VERNON HWY,Cars - Trucks,4/25/2012,17:45-18:00,22,93,27,23,82,2,5,71,49,61,151,22,0,3,3,1,,,,,,
perimetercid/www.perimetercid.org/rfps/30PeachtreeDunwoodyRd@AbernathyRd_PerCtrWestAM.txt,PEACHTREE DUNWOODY ROAD / ABERNATHY ROAD / PERIMETER CENTER WEST,Cars - Trucks,4/25/2012,07:00-07:15,51,43,10,28,147,1,0,50,25,77,225,145,0,0,0,0,,,,,,
perimetercid/www.perimetercid.org/rfps/30PeachtreeDunwoodyRd@AbernathyRd_PerCtrWestAM.txt,PEACHTREE DUNWOODY ROAD / ABERNATHY ROAD / PERIMETER CENTER WEST,Cars - Trucks,4/25/2012,07:15-07:30,72,61,14,44,209,1,0,39,26,97,271,134,0,1,0,0,,,,,,
perimetercid/www.perimetercid.org/rfps/30PeachtreeDunwoodyRd@AbernathyRd_PerCtrWestAM.txt,PEACHTREE DUNWOODY ROAD / ABERNATHY ROAD / PERIMETER CENTER WEST,Cars - Trucks,4/25/2012,07:30-07:45,87,59,18,42,256,1,2,80,42,85,296,154,0,0,0,0,,,,,,
perimetercid/www.perimetercid.org/rfps/30PeachtreeDunwoodyRd@AbernathyRd_PerCtrWestAM.txt,PEACHTREE DUNWOODY ROAD / ABERNATHY ROAD / PERIMETER CENTER WEST,Cars - Trucks,4/25/2012,07:45-08:00,76,50,30,51,210,1,4,87,43,116,308,196,0,0,1,2,,,,,,
perimetercid/www.perimetercid.org/rfps/30PeachtreeDunwoodyRd@AbernathyRd_PerCtrWestAM.txt,PEACHTREE DUNWOODY ROAD / ABERNATHY ROAD / PERIMETER CENTER WEST,Cars - Trucks,4/25/2012,08:00-08:15,84,51,18,38,213,1,1,93,29,134,342,177,0,0,0,1,,,,,,
perimetercid/www.perimetercid.org/rfps/30PeachtreeDunwoodyRd@AbernathyRd_PerCtrWestAM.txt,PEACHTREE DUNWOODY ROAD / ABERNATHY ROAD / PERIMETER CENTER WEST,Cars - Trucks,4/25/2012,08:15-08:30,74,59,15,37,225,2,1,72,29,128,338,208,0,0,1,0,,,,,,
perimetercid/www.perimetercid.org/rfps/30PeachtreeDunwoodyRd@AbernathyRd_PerCtrWestAM.txt,PEACHTREE DUNWOODY ROAD / ABERNATHY ROAD / PERIMETER CENTER WEST,Cars - Trucks,4/25/2012,08:30-08:45,70,45,29,32,214,2,0,67,41,148,337,179,0,1,0,0,,,,,,
perimetercid/www.perimetercid.org/rfps/30PeachtreeDunwoodyRd@AbernathyRd_PerCtrWestAM.txt,PEACHTREE DUNWOODY ROAD / ABERNATHY ROAD / PERIMETER CENTER WEST,Cars - Trucks,4/25/2012,08:45-09:00,71,57,22,35,217,3,2,66,43,132,363,192,0,2,0,0,,,,,,
perimetercid/www.perimetercid.org/rfps/30PeachtreeDunwoodyRd@AbernathyRd_PerCtrWestPM.txt,PEACHTREE DUNWOODY ROAD / ABERNATHY ROAD / PERIMETER CENTER WEST,Cars - Trucks,4/25/2012,16:00-16:15,183,61,38,42,331,1,6,74,116,47,245,77,4,0,0,0,,,,,,
perimetercid/www.perimetercid.org/rfps/30PeachtreeDunwoodyRd@AbernathyRd_PerCtrWestPM.txt,PEACHTREE DUNWOODY ROAD / ABERNATHY ROAD / PERIMETER CENTER WEST,Cars - Trucks,4/25/2012,16:15-16:30,161,67,33,42,327,0,5,68,122,52,219,57,2,1,0,0,,,,,,
perimetercid/www.perimetercid.org/rfps/30PeachtreeDunwoodyRd@AbernathyRd_PerCtrWestPM.txt,PEACHTREE DUNWOODY ROAD / ABERNATHY ROAD / PERIMETER CENTER WEST,Cars - Trucks,4/25/2012,16:30-16:45,141,67,51,43,330,7,1,95,119,74,200,65,3,2,0,1,,,,,,
perimetercid/www.perimetercid.org/rfps/30PeachtreeDunwoodyRd@AbernathyRd_PerCtrWestPM.txt,PEACHTREE DUNWOODY ROAD / ABERNATHY ROAD / PERIMETER CENTER WEST,Cars - Trucks,4/25/2012,16:45-17:00,136,58,28,61,291,6,3,88,143,49,208,66,5,3,0,0,,,,,,
perimetercid/www.perimetercid.org/rfps/30PeachtreeDunwoodyRd@AbernathyRd_PerCtrWestPM.txt,PEACHTREE DUNWOODY ROAD / ABERNATHY ROAD / PERIMETER CENTER WEST,Cars - Trucks,4/25/2012,17:00-17:15,159,76,36,54,324,1,2,88,128,34,259,68,0,6,0,0,,,,,,
perimetercid/www.perimetercid.org/rfps/30PeachtreeDunwoodyRd@AbernathyRd_PerCtrWestPM.txt,PEACHTREE DUNWOODY ROAD / ABERNATHY ROAD / PERIMETER CENTER WEST,Cars - Trucks,4/25/2012,17:15-17:30,152,52,48,58,343,4,3,117,140,47,243,80,0,0,0,2,,,,,,
perimetercid/www.perimetercid.org/rfps/30PeachtreeDunwoodyRd@AbernathyRd_PerCtrWestPM.txt,PEACHTREE DUNWOODY ROAD / ABERNATHY ROAD / PERIMETER CENTER WEST,Cars - Trucks,4/25/2012,17:30-17:45,160,61,48,65,309,5,4,129,115,58,311,98,0,1,0,0,,,,,,
perimetercid/www.perimetercid.org/rfps/30PeachtreeDunwoodyRd@AbernathyRd_PerCtrWestPM.txt,PEACHTREE DUNWOODY ROAD / ABERNATHY ROAD / PERIMETER CENTER WEST,Cars - Trucks,4/25/2012,17:45-18:00,140,57,52,63,324,5,4,100,92,57,328,91,0,4,0,0,,,,,,
perimetercid/www.perimetercid.org/rfps/31HammondDr@GA400NBRampAM.txt,HAMMOND DRIVE / GA 400 NB RAMP,Cars - Trucks,4/25/2012,07:00-07:15,0,0,0,20,90,10,2,1,5,65,295,17,0,0,0,1,,,,,,
perimetercid/www.perimetercid.org/rfps/31HammondDr@GA400NBRampAM.txt,HAMMOND DRIVE / GA 400 NB RAMP,Cars - Trucks,4/25/2012,07:15-07:30,0,0,0,17,132,3,3,4,10,67,334,16,1,0,2,1,,,,,,
perimetercid/www.perimetercid.org/rfps/31HammondDr@GA400NBRampAM.txt,HAMMOND DRIVE / GA 400 NB RAMP,Cars - Trucks,4/25/2012,07:30-07:45,0,0,0,36,107,5,11,2,4,62,422,35,0,0,1,0,,,,,,
perimetercid/www.perimetercid.org/rfps/31HammondDr@GA400NBRampAM.txt,HAMMOND DRIVE / GA 400 NB RAMP,Cars - Trucks,4/25/2012,07:45-08:00,0,0,0,22,128,3,11,3,7,90,482,13,0,0,0,0,,,,,,
perimetercid/www.perimetercid.org/rfps/31HammondDr@GA400NBRampAM.txt,HAMMOND DRIVE / GA 400 NB RAMP,Cars - Trucks,4/25/2012,08:00-08:15,0,0,0,25,133,5,11,4,12,85,435,35,0,0,1,0,,,,,,
perimetercid/www.perimetercid.org/rfps/31HammondDr@GA400NBRampAM.txt,HAMMOND DRIVE / GA 400 NB RAMP,Cars - Trucks,4/25/2012,08:15-08:30,0,0,0,22,119,4,6,2,9,102,446,20,0,1,1,0,,,,,,
perimetercid/www.perimetercid.org/rfps/31HammondDr@GA400NBRampAM.txt,HAMMOND DRIVE / GA 400 NB RAMP,Cars - Trucks,4/25/2012,08:30-08:45,0,0,0,27,124,8,8,2,7,100,487,28,0,0,4,0,,,,,,
perimetercid/www.perimetercid.org/rfps/31HammondDr@GA400NBRampAM.txt,HAMMOND DRIVE / GA 400 NB RAMP,Cars - Trucks,4/25/2012,08:45-09:00,0,0,0,29,145,7,6,3,13,99,527,26,0,0,1,0,,,,,,
perimetercid/www.perimetercid.org/rfps/31HammondDr@GA400NBRampPM.txt,HAMMOND DRIVE / GA 400 NB RAMP,Cars - Trucks,4/25/2012,16:00-16:15,0,0,0,125,282,1,23,29,45,17,208,37,2,0,3,0,,,,,,
perimetercid/www.perimetercid.org/rfps/31HammondDr@GA400NBRampPM.txt,HAMMOND DRIVE / GA 400 NB RAMP,Cars - Trucks,4/25/2012,16:15-16:30,0,0,0,152,264,2,22,37,39,12,202,65,1,1,2,0,,,,,,
perimetercid/www.perimetercid.org/rfps/31HammondDr@GA400NBRampPM.txt,HAMMOND DRIVE / GA 400 NB RAMP,Cars - Trucks,4/25/2012,16:30-16:45,0,0,0,165,313,3,16,44,54,21,224,94,2,0,0,0,,,,,,
perimetercid/www.perimetercid.org/rfps/31HammondDr@GA400NBRampPM.txt,HAMMOND DRIVE / GA 400 NB RAMP,Cars - Trucks,4/25/2012,16:45-17:00,0,0,0,171,293,2,15,39,41,25,228,89,0,1,2,0,,,,,,
perimetercid/www.perimetercid.org/rfps/31HammondDr@GA400NBRampPM.txt,HAMMOND DRIVE / GA 400 NB RAMP,Cars - Trucks,4/25/2012,17:00-17:15,0,0,0,173,325,2,43,47,74,26,228,101,1,0,2,0,,,,,,
perimetercid/www.perimetercid.org/rfps/31HammondDr@GA400NBRampPM.txt,HAMMOND DRIVE / GA 400 NB RAMP,Cars - Trucks,4/25/2012,17:15-17:30,0,0,0,210,291,3,23,57,57,37,234,110,0,0,1,0,,,,,,
perimetercid/www.perimetercid.org/rfps/31HammondDr@GA400NBRampPM.txt,HAMMOND DRIVE / GA 400 NB RAMP,Cars - Trucks,4/25/2012,17:30-17:45,0,0,0,209,232,5,34,45,45,20,255,125,0,0,3,0,,,,,,
perimetercid/www.perimetercid.org/rfps/31HammondDr@GA400NBRampPM.txt,HAMMOND DRIVE / GA 400 NB RAMP,Cars - Trucks,4/25/2012,17:45-18:00,0,0,0,161,263,5,38,42,45,19,255,103,0,0,6,0,,,,,,
perimetercid/www.perimetercid.org/rfps/32HammondDr@GA400SbRampAM.txt,HAMMOND DRIVE / GA 400 SB RAMP,Cars - Trucks,4/25/2012,07:00-07:15,47,0,137,0,86,0,9,0,0,2,240,0,1,0,0,0,,,,,,
perimetercid/www.perimetercid.org/rfps/32HammondDr@GA400SbRampAM.txt,HAMMOND DRIVE / GA 400 SB RAMP,Cars - Trucks,4/25/2012,07:15-07:30,30,0,135,0,106,0,14,0,0,1,264,0,0,0,3,0,,,,,,
perimetercid/www.perimetercid.org/rfps/32HammondDr@GA400SbRampAM.txt,HAMMOND DRIVE / GA 400 SB RAMP,Cars - Trucks,4/25/2012,07:30-07:45,41,0,139,0,105,0,25,0,0,0,327,0,0,0,0,0,,,,,,
perimetercid/www.perimetercid.org/rfps/32HammondDr@GA400SbRampAM.txt,HAMMOND DRIVE / GA 400 SB RAMP,Cars - Trucks,4/25/2012,07:45-08:00,40,0,138,0,119,0,11,0,0,1,410,0,0,0,1,0,,,,,,
perimetercid/www.perimetercid.org/rfps/32HammondDr@GA400SbRampAM.txt,HAMMOND DRIVE / GA 400 SB RAMP,Cars - Trucks,4/25/2012,08:00-08:15,30,0,163,0,141,0,10,0,0,1,404,0,0,0,0,0,,,,,,
perimetercid/www.perimetercid.org/rfps/32HammondDr@GA400SbRampAM.txt,HAMMOND DRIVE / GA 400 SB RAMP,Cars - Trucks,4/25/2012,08:15-08:30,44,0,172,0,126,0,13,0,0,0,375,0,0,0,0,0,,,,,,
perimetercid/www.perimetercid.org/rfps/32HammondDr@GA400SbRampAM.txt,HAMMOND DRIVE / GA 400 SB RAMP,Cars - Trucks,4/25/2012,08:30-08:45,54,0,165,0,143,0,14,0,0,0,425,0,0,0,0,0,,,,,,
perimetercid/www.perimetercid.org/rfps/32HammondDr@GA400SbRampAM.txt,HAMMOND DRIVE / GA 400 SB RAMP,Cars - Trucks,4/25/2012,08:45-09:00,43,0,197,0,153,0,17,0,0,1,439,0,0,0,0,0,,,,,,
perimetercid/www.perimetercid.org/rfps/32HammondDr@GA400SbRampPM.txt,HAMMOND DRIVE / GA 400 SB RAMP,Cars - Trucks,4/25/2012,16:00-16:15,37,0,37,0,316,0,5,0,0,2,208,0,1,0,2,0,,,,,,
perimetercid/www.perimetercid.org/rfps/32HammondDr@GA400SbRampPM.txt,HAMMOND DRIVE / GA 400 SB RAMP,Cars - Trucks,4/25/2012,16:15-16:30,49,0,34,0,296,0,9,0,0,2,239,0,0,0,1,0,,,,,,
perimetercid/www.perimetercid.org/rfps/32HammondDr@GA400SbRampPM.txt,HAMMOND DRIVE / GA 400 SB RAMP,Cars - Trucks,4/25/2012,16:30-16:45,23,0,26,0,347,0,3,0,0,0,300,0,0,0,0,0,,,,,,
perimetercid/www.perimetercid.org/rfps/32HammondDr@GA400SbRampPM.txt,HAMMOND DRIVE / GA 400 SB RAMP,Cars - Trucks,4/25/2012,16:45-17:00,20,0,30,0,329,0,4,0,0,2,302,0,0,0,1,0,,,,,,
perimetercid/www.perimetercid.org/rfps/32HammondDr@GA400SbRampPM.txt,HAMMOND DRIVE / GA 400 SB RAMP,Cars - Trucks,4/25/2012,17:00-17:15,39,0,33,0,370,0,7,0,0,2,313,0,0,0,3,0,,,,,,
perimetercid/www.perimetercid.org/rfps/32HammondDr@GA400SbRampPM.txt,HAMMOND DRIVE / GA 400 SB RAMP,Cars - Trucks,4/25/2012,17:15-17:30,46,0,41,0,356,0,5,0,0,5,320,0,3,0,3,0,,,,,,
perimetercid/www.perimetercid.org/rfps/32HammondDr@GA400SbRampPM.txt,HAMMOND DRIVE / GA 400 SB RAMP,Cars - Trucks,4/25/2012,17:30-17:45,41,0,36,0,320,0,7,0,0,2,372,0,0,0,2,0,,,,,,
perimetercid/www.perimetercid.org/rfps/32HammondDr@GA400SbRampPM.txt,HAMMOND DRIVE / GA 400 SB RAMP,Cars - Trucks,4/25/2012,17:45-18:00,43,0,34,0,290,0,6,0,0,2,332,0,0,0,2,0,,,,,,
perimetercid/www.perimetercid.org/rfps/33PerSummitPkwy@LakeHearnDrAM.txt,PERIMETER SUMMIT PKWY / LAKE HEARN DRIVE,Cars - Trucks,4/25/2012,07:00-07:15,33,0,1,4,21,0,0,0,0,0,13,32,0,0,0,0,,,,,,
perimetercid/www.perimetercid.org/rfps/33PerSummitPkwy@LakeHearnDrAM.txt,PERIMETER SUMMIT PKWY / LAKE HEARN DRIVE,Cars - Trucks,4/25/2012,07:15-07:30,41,0,1,4,23,0,0,0,0,0,19,40,2,0,0,3,,,,,,
perimetercid/www.perimetercid.org/rfps/33PerSummitPkwy@LakeHearnDrAM.txt,PERIMETER SUMMIT PKWY / LAKE HEARN DRIVE,Cars - Trucks,4/25/2012,07:30-07:45,47,0,0,4,34,0,0,0,0,0,33,68,1,0,0,0,,,,,,
perimetercid/www.perimetercid.org/rfps/33PerSummitPkwy@LakeHearnDrAM.txt,PERIMETER SUMMIT PKWY / LAKE HEARN DRIVE,Cars - Trucks,4/25/2012,07:45-08:00,61,0,0,14,50,0,0,0,0,0,36,85,1,0,0,0,,,,,,
perimetercid/www.perimetercid.org/rfps/33PerSummitPkwy@LakeHearnDrAM.txt,PERIMETER SUMMIT PKWY / LAKE HEARN DRIVE,Cars - Trucks,4/25/2012,08:00-08:15,48,0,1,8,39,0,0,0,0,0,28,87,0,0,0,0,,,,,,
perimetercid/www.perimetercid.org/rfps/33PerSummitPkwy@LakeHearnDrAM.txt,PERIMETER SUMMIT PKWY / LAKE HEARN DRIVE,Cars - Trucks,4/25/2012,08:15-08:30,40,0,4,10,52,0,0,0,0,0,33,78,0,0,0,0,,,,,,
perimetercid/www.perimetercid.org/rfps/33PerSummitPkwy@LakeHearnDrAM.txt,PERIMETER SUMMIT PKWY / LAKE HEARN DRIVE,Cars - Trucks,4/25/2012,08:30-08:45,36,0,0,15,56,0,0,0,0,0,26,78,0,0,0,2,,,,,,
perimetercid/www.perimetercid.org/rfps/33PerSummitPkwy@LakeHearnDrAM.txt,PERIMETER SUMMIT PKWY / LAKE HEARN DRIVE,Cars - Trucks,4/25/2012,08:45-09:00,47,0,0,10,50,0,0,0,0,0,26,110,1,0,0,1,,,,,,
perimetercid/www.perimetercid.org/rfps/33PerSummitPkwy@LakeHearnDrPM.txt,PERIMETER SUMMIT PKWY / LAKE HEARN DRIVE,Cars - Trucks,4/25/2012,16:00-16:15,91,0,14,0,16,0,0,0,0,0,76,10,0,0,0,0,,,,,,
perimetercid/www.perimetercid.org/rfps/33PerSummitPkwy@LakeHearnDrPM.txt,PERIMETER SUMMIT PKWY / LAKE HEARN DRIVE,Cars - Trucks,4/25/2012,16:15-16:30,103,0,18,2,15,0,0,0,0,0,76,14,1,0,0,0,,,,,,
perimetercid/www.perimetercid.org/rfps/33PerSummitPkwy@LakeHearnDrPM.txt,PERIMETER SUMMIT PKWY / LAKE HEARN DRIVE,Cars - Trucks,4/25/2012,16:30-16:45,117,0,18,0,25,0,0,0,0,0,100,9,1,0,0,0,,,,,,
perimetercid/www.perimetercid.org/rfps/33PerSummitPkwy@LakeHearnDrPM.txt,PERIMETER SUMMIT PKWY / LAKE HEARN DRIVE,Cars - Trucks,4/25/2012,16:45-17:00,129,0,15,0,32,0,0,0,0,0,101,6,2,0,0,1,,,,,,
perimetercid/www.perimetercid.org/rfps/33PerSummitPkwy@LakeHearnDrPM.txt,PERIMETER SUMMIT PKWY / LAKE HEARN DRIVE,Cars - Trucks,4/25/2012,17:00-17:15,163,0,38,0,38,0,0,0,0,0,123,11,1,0,0,0,,,,,,
perimetercid/www.perimetercid.org/rfps/33PerSummitPkwy@LakeHearnDrPM.txt,PERIMETER SUMMIT PKWY / LAKE HEARN DRIVE,Cars - Trucks,4/25/2012,17:15-17:30,173,0,17,1,33,0,0,0,0,0,116,7,2,0,0,2,,,,,,
perimetercid/www.perimetercid.org/rfps/33PerSummitPkwy@LakeHearnDrPM.txt,PERIMETER SUMMIT PKWY / LAKE HEARN DRIVE,Cars - Trucks,4/25/2012,17:30-17:45,162,0,25,2,33,0,0,0,0,0,109,14,0,3,0,0,,,,,,
perimetercid/www.perimetercid.org/rfps/33PerSummitPkwy@LakeHearnDrPM.txt,PERIMETER SUMMIT PKWY / LAKE HEARN DRIVE,Cars - Trucks,4/25/2012,17:45-18:00,142,0,25,0,20,0,0,0,0,0,86,5,0,0,0,0,,,,,,
perimetercid/www.perimetercid.org/rfps/34PerCtrWest_AbernathyRd@CentralPkwyAM.txt,PERIMETER CENTER WEST / CENTRAL PKWY,Cars - Trucks,4/25/2012,07:00-07:15,18,114,25,36,7,3,9,100,16,1,3,2,0,6,0,0,,,,,,
perimetercid/www.perimetercid.org/rfps/34PerCtrWest_AbernathyRd@CentralPkwyAM.txt,PERIMETER CENTER WEST / CENTRAL PKWY,Cars - Trucks,4/25/2012,07:15-07:30,22,141,21,38,13,4,7,156,7,9,6,1,0,5,0,0,,,,,,
perimetercid/www.perimetercid.org/rfps/34PerCtrWest_AbernathyRd@CentralPkwyAM.txt,PERIMETER CENTER WEST / CENTRAL PKWY,Cars - Trucks,4/25/2012,07:30-07:45,29,156,41,45,18,9,4,130,4,11,7,8,0,1,0,0,,,,,,
perimetercid/www.perimetercid.org/rfps/34PerCtrWest_AbernathyRd@CentralPkwyAM.txt,PERIMETER CENTER WEST / CENTRAL PKWY,Cars - Trucks,4/25/2012,07:45-08:00,37,193,36,33,23,6,6,143,11,18,9,4,0,2,0,0,,,,,,
perimetercid/www.perimetercid.org/rfps/34PerCtrWest_AbernathyRd@CentralPkwyAM.txt,PERIMETER CENTER WEST / CENTRAL PKWY,Cars - Trucks,4/25/2012,08:00-08:15,33,201,51,35,27,2,13,155,20,13,20,7,1,0,3,1,,,,,,
perimetercid/www.perimetercid.org/rfps/34PerCtrWest_AbernathyRd@CentralPkwyAM.txt,PERIMETER CENTER WEST / CENTRAL PKWY,Cars - Trucks,4/25/2012,08:15-08:30,30,174,48,39,28,5,11,166,12,11,13,4,0,0,0,1,,,,,,
perimetercid/www.perimetercid.org/rfps/34PerCtrWest_AbernathyRd@CentralPkwyAM.txt,PERIMETER CENTER WEST / CENTRAL PKWY,Cars - Trucks,4/25/2012,08:30-08:45,37,234,52,34,25,4,9,172,24,14,15,4,2,4,0,0,,,,,,
perimetercid/www.perimetercid.org/rfps/34PerCtrWest_AbernathyRd@CentralPkwyAM.txt,PERIMETER CENTER WEST / CENTRAL PKWY,Cars - Trucks,4/25/2012,08:45-09:00,26,195,45,33,27,8,14,153,11,22,15,5,0,0,1,2,,,,,,
perimetercid/www.perimetercid.org/rfps/34PerCtrWest_AbernathyRd@CentralPkwyPM.txt,PERIMETER CENTER WEST / CENTRAL PKWY,Cars - Trucks,4/25/2012,16:00-16:15,22,202,37,74,17,8,8,236,14,27,33,29,1,1,0,2,,,,,,
perimetercid/www.perimetercid.org/rfps/34PerCtrWest_AbernathyRd@CentralPkwyPM.txt,PERIMETER CENTER WEST / CENTRAL PKWY,Cars - Trucks,4/25/2012,16:15-16:30,19,197,49,64,25,12,5,221,19,19,28,26,1,2,0,3,,,,,,
perimetercid/www.perimetercid.org/rfps/34PerCtrWest_AbernathyRd@CentralPkwyPM.txt,PERIMETER CENTER WEST / CENTRAL PKWY,Cars - Trucks,4/25/2012,16:30-16:45,22,211,52,55,25,12,10,230,21,32,40,27,0,1,0,0,,,,,,
perimetercid/www.perimetercid.org/rfps/34PerCtrWest_AbernathyRd@CentralPkwyPM.txt,PERIMETER CENTER WEST / CENTRAL PKWY,Cars - Trucks,4/25/2012,16:45-17:00,12,232,41,67,35,16,9,208,18,33,44,19,0,0,0,2,,,,,,
perimetercid/www.perimetercid.org/rfps/34PerCtrWest_AbernathyRd@CentralPkwyPM.txt,PERIMETER CENTER WEST / CENTRAL PKWY,Cars - Trucks,4/25/2012,17:00-17:15,26,230,76,85,23,21,14,241,22,59,62,28,3,3,0,2,,,,,,
perimetercid/www.perimetercid.org/rfps/34PerCtrWest_AbernathyRd@CentralPkwyPM.txt,PERIMETER CENTER WEST / CENTRAL PKWY,Cars - Trucks,4/25/2012,17:15-17:30,26,260,90,64,31,7,10,234,32,36,55,24,1,1,0,1,,,,,,
perimetercid/www.perimetercid.org/rfps/34PerCtrWest_AbernathyRd@CentralPkwyPM.txt,PERIMETER CENTER WEST / CENTRAL PKWY,Cars - Trucks,4/25/2012,17:30-17:45,19,270,98,70,31,17,5,208,12,46,50,16,1,3,1,0,,,,,,
perimetercid/www.perimetercid.org/rfps/34PerCtrWest_AbernathyRd@CentralPkwyPM.txt,PERIMETER CENTER WEST / CENTRAL PKWY,Cars - Trucks,4/25/2012,17:45-18:00,28,256,90,83,26,19,10,203,22,46,60,24,2,5,3,2,,,,,,
perimetercid/www.perimetercid.org/rfps/35PerCtrWest_AbernathyRd@GA400NBRampAM.txt,PERIMETER CENTER WEST_ABERNATHY ROAD / GA 400 NB RAMP,Cars - Trucks,4/25/2012,07:00-07:15,159,0,0,55,172,0,0,0,0,0,409,31,4,0,0,0,,,,,,
perimetercid/www.perimetercid.org/rfps/35PerCtrWest_AbernathyRd@GA400NBRampAM.txt,PERIMETER CENTER WEST_ABERNATHY ROAD / GA 400 NB RAMP,Cars - Trucks,4/25/2012,07:15-07:30,164,0,0,86,231,0,0,0,0,0,472,48,2,0,0,0,,,,,,
perimetercid/www.perimetercid.org/rfps/35PerCtrWest_AbernathyRd@GA400NBRampAM.txt,PERIMETER CENTER WEST_ABERNATHY ROAD / GA 400 NB RAMP,Cars - Trucks,4/25/2012,07:30-07:45,174,0,0,127,274,0,0,0,0,0,486,62,1,0,0,0,,,,,,
perimetercid/www.perimetercid.org/rfps/35PerCtrWest_AbernathyRd@GA400NBRampAM.txt,PERIMETER CENTER WEST_ABERNATHY ROAD / GA 400 NB RAMP,Cars - Trucks,4/25/2012,07:45-08:00,204,0,0,120,259,0,0,0,0,0,610,59,0,0,0,0,,,,,,
perimetercid/www.perimetercid.org/rfps/35PerCtrWest_AbernathyRd@GA400NBRampAM.txt,PERIMETER CENTER WEST_ABERNATHY ROAD / GA 400 NB RAMP,Cars - Trucks,4/25/2012,08:00-08:15,230,0,0,90,245,0,0,0,0,0,642,59,1,0,0,0,,,,,,
perimetercid/www.perimetercid.org/rfps/35PerCtrWest_AbernathyRd@GA400NBRampAM.txt,PERIMETER CENTER WEST_ABERNATHY ROAD / GA 400 NB RAMP,Cars - Trucks,4/25/2012,08:15-08:30,219,0,0,102,243,0,0,0,0,0,643,55,0,0,0,0,,,,,,
perimetercid/www.perimetercid.org/rfps/35PerCtrWest_AbernathyRd@GA400NBRampAM.txt,PERIMETER CENTER WEST_ABERNATHY ROAD / GA 400 NB RAMP,Cars - Trucks,4/25/2012,08:30-08:45,211,0,0,109,225,0,0,0,0,0,642,72,1,0,0,0,,,,,,
perimetercid/www.perimetercid.org/rfps/35PerCtrWest_AbernathyRd@GA400NBRampAM.txt,PERIMETER CENTER WEST_ABERNATHY ROAD / GA 400 NB RAMP,Cars - Trucks,4/25/2012,08:45-09:00,194,0,0,125,226,0,0,0,0,0,688,49,1,0,0,0,,,,,,
perimetercid/www.perimetercid.org/rfps/35PerCtrWest_AbernathyRd@GA400NBRampPM.txt,PERIMETER CENTER WEST_ABERNATHY ROAD / GA 400 NB RAMP,Cars - Trucks,4/25/2012,16:00-16:15,119,0,0,267,353,0,0,0,0,0,368,112,0,0,0,0,,,,,,
perimetercid/www.perimetercid.org/rfps/35PerCtrWest_AbernathyRd@GA400NBRampPM.txt,PERIMETER CENTER WEST_ABERNATHY ROAD / GA 400 NB RAMP,Cars - Trucks,4/25/2012,16:15-16:30,121,0,0,272,354,0,0,0,0,0,318,119,0,0,0,0,,,,,,
perimetercid/www.perimetercid.org/rfps/35PerCtrWest_AbernathyRd@GA400NBRampPM.txt,PERIMETER CENTER WEST_ABERNATHY ROAD / GA 400 NB RAMP,Cars - Trucks,4/25/2012,16:30-16:45,95,0,0,273,346,0,0,0,0,0,334,105,0,0,0,0,,,,,,
perimetercid/www.perimetercid.org/rfps/35PerCtrWest_AbernathyRd@GA400NBRampPM.txt,PERIMETER CENTER WEST_ABERNATHY ROAD / GA 400 NB RAMP,Cars - Trucks,4/25/2012,16:45-17:00,67,0,0,298,304,0,0,0,0,0,331,108,0,0,0,0,,,,,,
perimetercid/www.perimetercid.org/rfps/35PerCtrWest_AbernathyRd@GA400NBRampPM.txt,PERIMETER CENTER WEST_ABERNATHY ROAD / GA 400 NB RAMP,Cars - Trucks,4/25/2012,17:00-17:15,68,0,0,263,352,0,0,0,0,0,366,119,1,0,0,0,,,,,,
perimetercid/www.perimetercid.org/rfps/35PerCtrWest_AbernathyRd@GA400NBRampPM.txt,PERIMETER CENTER WEST_ABERNATHY ROAD / GA 400 NB RAMP,Cars - Trucks,4/25/2012,17:15-17:30,80,0,0,265,370,0,0,0,0,0,372,110,1,0,0,0,,,,,,
perimetercid/www.perimetercid.org/rfps/35PerCtrWest_AbernathyRd@GA400NBRampPM.txt,PERIMETER CENTER WEST_ABERNATHY ROAD / GA 400 NB RAMP,Cars - Trucks,4/25/2012,17:30-17:45,81,0,0,251,358,0,0,0,0,0,481,116,1,0,0,0,,,,,,
perimetercid/www.perimetercid.org/rfps/35PerCtrWest_AbernathyRd@GA400NBRampPM.txt,PERIMETER CENTER WEST_ABERNATHY ROAD / GA 400 NB RAMP,Cars - Trucks,4/25/2012,17:45-18:00,79,0,0,229,337,0,0,0,0,0,460,107,1,0,0,0,,,,,,
perimetercid/www.perimetercid.org/rfps/36PerCtrWest_AbernathyRd@GA400SBRampAM.txt,PERIMETER CENTER WEST_ABERNATHY ROAD / GA 400 SB RAMP,Cars - Trucks,4/25/2012,07:00-07:15,132,0,165,0,200,112,0,0,0,169,127,0,1,0,0,0,,,,,,
perimetercid/www.perimetercid.org/rfps/36PerCtrWest_AbernathyRd@GA400SBRampAM.txt,PERIMETER CENTER WEST_ABERNATHY ROAD / GA 400 SB RAMP,Cars - Trucks,4/25/2012,07:15-07:30,111,0,176,0,249,146,0,0,0,224,170,0,0,0,0,0,,,,,,
perimetercid/www.perimetercid.org/rfps/36PerCtrWest_AbernathyRd@GA400SBRampAM.txt,PERIMETER CENTER WEST_ABERNATHY ROAD / GA 400 SB RAMP,Cars - Trucks,4/25/2012,07:30-07:45,113,0,183,0,297,149,0,0,0,220,195,0,0,0,1,0,,,,,,
perimetercid/www.perimetercid.org/rfps/36PerCtrWest_AbernathyRd@GA400SBRampAM.txt,PERIMETER CENTER WEST_ABERNATHY ROAD / GA 400 SB RAMP,Cars - Trucks,4/25/2012,07:45-08:00,105,1,197,0,307,139,0,0,0,252,209,0,1,0,0,0,,,,,,
perimetercid/www.perimetercid.org/rfps/36PerCtrWest_AbernathyRd@GA400SBRampAM.txt,PERIMETER CENTER WEST_ABERNATHY ROAD / GA 400 SB RAMP,Cars - Trucks,4/25/2012,08:00-08:15,109,0,230,0,325,147,0,0,0,218,249,0,1,0,0,0,,,,,,
perimetercid/www.perimetercid.org/rfps/36PerCtrWest_AbernathyRd@GA400SBRampAM.txt,PERIMETER CENTER WEST_ABERNATHY ROAD / GA 400 SB RAMP,Cars - Trucks,4/25/2012,08:15-08:30,97,0,223,0,312,156,0,0,0,239,218,0,1,0,0,0,,,,,,
perimetercid/www.perimetercid.org/rfps/36PerCtrWest_AbernathyRd@GA400SBRampAM.txt,PERIMETER CENTER WEST_ABERNATHY ROAD / GA 400 SB RAMP,Cars - Trucks,4/25/2012,08:30-08:45,81,2,226,0,287,141,0,0,0,238,251,0,0,0,0,0,,,,,,
perimetercid/www.perimetercid.org/rfps/36PerCtrWest_AbernathyRd@GA400SBRampAM.txt,PERIMETER CENTER WEST_ABERNATHY ROAD / GA 400 SB RAMP,Cars - Trucks,4/25/2012,08:45-09:00,80,0,202,0,291,143,0,0,0,230,213,0,0,0,0,0,,,,,,
perimetercid/www.perimetercid.org/rfps/36PerCtrWest_AbernathyRd@GA400SBRampPM.txt,PERIMETER CENTER WEST_ABERNATHY ROAD / GA 400 SB RAMP,Cars - Trucks,4/25/2012,16:00-16:15,47,0,84,0,285,188,0,0,0,225,234,0,1,0,0,0,,,,,,
perimetercid/www.perimetercid.org/rfps/36PerCtrWest_AbernathyRd@GA400SBRampPM.txt,PERIMETER CENTER WEST_ABERNATHY ROAD / GA 400 SB RAMP,Cars - Trucks,4/25/2012,16:15-16:30,68,0,95,0,310,182,0,0,0,158,224,0,0,0,0,0,,,,,,
perimetercid/www.perimetercid.org/rfps/36PerCtrWest_AbernathyRd@GA400SBRampPM.txt,PERIMETER CENTER WEST_ABERNATHY ROAD / GA 400 SB RAMP,Cars - Trucks,4/25/2012,16:30-16:45,131,0,105,0,277,149,0,0,0,126,221,0,3,0,0,0,,,,,,
perimetercid/www.perimetercid.org/rfps/36PerCtrWest_AbernathyRd@GA400SBRampPM.txt,PERIMETER CENTER WEST_ABERNATHY ROAD / GA 400 SB RAMP,Cars - Trucks,4/25/2012,16:45-17:00,99,0,112,0,253,147,0,0,0,127,222,0,0,0,0,0,,,,,,
perimetercid/www.perimetercid.org/rfps/36PerCtrWest_AbernathyRd@GA400SBRampPM.txt,PERIMETER CENTER WEST_ABERNATHY ROAD / GA 400 SB RAMP,Cars - Trucks,4/25/2012,17:00-17:15,98,0,148,0,241,162,0,0,0,183,236,0,1,0,0,0,,,,,,
perimetercid/www.perimetercid.org/rfps/36PerCtrWest_AbernathyRd@GA400SBRampPM.txt,PERIMETER CENTER WEST_ABERNATHY ROAD / GA 400 SB RAMP,Cars - Trucks,4/25/2012,17:15-17:30,101,0,170,0,260,192,0,0,0,158,250,0,0,0,0,0,,,,,,
perimetercid/www.perimetercid.org/rfps/36PerCtrWest_AbernathyRd@GA400SBRampPM.txt,PERIMETER CENTER WEST_ABERNATHY ROAD / GA 400 SB RAMP,Cars - Trucks,4/25/2012,17:30-17:45,79,0,180,0,262,171,0,0,0,144,263,0,0,0,0,0,,,,,,
perimetercid/www.perimetercid.org/rfps/36PerCtrWest_AbernathyRd@GA400SBRampPM.txt,PERIMETER CENTER WEST_ABERNATHY ROAD / GA 400 SB RAMP,Cars - Trucks,4/25/2012,17:45-18:00,117,0,186,0,259,173,0,0,0,171,273,0,0,0,0,0,,,,,,
perimetercid/www.perimetercid.org/rfps/37AshfordDunwoodyRd@PerCtrEastMallEntAM.txt,ASHFORD DUNWOODY ROAD / PERIMETER CENTER EAST MALL ENTRANCE,Cars - Trucks,4/25/2012,07:00-07:15,0,257,6,3,2,40,45,308,7,0,1,1,1,6,0,0,,,,,,
perimetercid/www.perimetercid.org/rfps/37AshfordDunwoodyRd@PerCtrEastMallEntAM.txt,ASHFORD DUNWOODY ROAD / PERIMETER CENTER EAST MALL ENTRANCE,Cars - Trucks,4/25/2012,07:15-07:30,0,289,4,10,2,52,43,325,3,2,2,1,2,8,0,0,,,,,,
perimetercid/www.perimetercid.org/rfps/37AshfordDunwoodyRd@PerCtrEastMallEntAM.txt,ASHFORD DUNWOODY ROAD / PERIMETER CENTER EAST MALL ENTRANCE,Cars - Trucks,4/25/2012,07:30-07:45,1,376,5,14,1,57,53,302,3,4,2,0,0,5,1,1,,,,,,
perimetercid/www.perimetercid.org/rfps/37AshfordDunwoodyRd@PerCtrEastMallEntAM.txt,ASHFORD DUNWOODY ROAD / PERIMETER CENTER EAST MALL ENTRANCE,Cars - Trucks,4/25/2012,07:45-08:00,1,364,8,13,8,58,65,368,3,0,3,0,1,7,0,1,,,,,,
perimetercid/www.perimetercid.org/rfps/37AshfordDunwoodyRd@PerCtrEastMallEntAM.txt,ASHFORD DUNWOODY ROAD / PERIMETER CENTER EAST MALL ENTRANCE,Cars - Trucks,4/25/2012,08:00-08:15,3,374,6,8,7,54,64,405,5,7,1,1,0,0,1,0,,,,,,
perimetercid/www.perimetercid.org/rfps/37AshfordDunwoodyRd@PerCtrEastMallEntAM.txt,ASHFORD DUNWOODY ROAD / PERIMETER CENTER EAST MALL ENTRANCE,Cars - Trucks,4/25/2012,08:15-08:30,1,387,10,13,3,87,78,408,4,1,1,0,0,1,2,0,,,,,,
perimetercid/www.perimetercid.org/rfps/37AshfordDunwoodyRd@PerCtrEastMallEntAM.txt,ASHFORD DUNWOODY ROAD / PERIMETER CENTER EAST MALL ENTRANCE,Cars - Trucks,4/25/2012,08:30-08:45,4,356,18,10,6,65,54,381,4,1,0,0,0,0,2,0,,,,,,
perimetercid/www.perimetercid.org/rfps/37AshfordDunwoodyRd@PerCtrEastMallEntAM.txt,ASHFORD DUNWOODY ROAD / PERIMETER CENTER EAST MALL ENTRANCE,Cars - Trucks,4/25/2012,08:45-09:00,3,343,2,10,3,55,69,422,18,2,2,1,0,0,2,0,,,,,,
perimetercid/www.perimetercid.org/rfps/37AshfordDunwoodyRd@PerCtrEastMallEntPM.txt,ASHFORD DUNWOODY ROAD / PERIMETER CENTER EAST MALL ENTRANCE,Cars - Trucks,4/25/2012,16:00-16:15,7,333,5,9,10,67,34,344,14,12,3,13,6,0,0,0,,,,,,
perimetercid/www.perimetercid.org/rfps/37AshfordDunwoodyRd@PerCtrEastMallEntPM.txt,ASHFORD DUNWOODY ROAD / PERIMETER CENTER EAST MALL ENTRANCE,Cars - Trucks,4/25/2012,16:15-16:30,18,286,15,10,6,59,32,413,20,25,1,5,4,0,0,2,,,,,,
perimetercid/www.perimetercid.org/rfps/37AshfordDunwoodyRd@PerCtrEastMallEntPM.txt,ASHFORD DUNWOODY ROAD / PERIMETER CENTER EAST MALL ENTRANCE,Cars - Trucks,4/25/2012,16:30-16:45,8,265,8,13,9,61,29,383,28,22,1,19,3,2,1,0,,,,,,
perimetercid/www.perimetercid.org/rfps/37AshfordDunwoodyRd@PerCtrEastMallEntPM.txt,ASHFORD DUNWOODY ROAD / PERIMETER CENTER EAST MALL ENTRANCE,Cars - Trucks,4/25/2012,16:45-17:00,12,291,24,8,9,64,28,513,23,19,2,13,0,0,2,0,,,,,,
perimetercid/www.perimetercid.org/rfps/37AshfordDunwoodyRd@PerCtrEastMallEntPM.txt,ASHFORD DUNWOODY ROAD / PERIMETER CENTER EAST MALL ENTRANCE,Cars - Trucks,4/25/2012,17:00-17:15,5,265,19,11,14,88,44,479,28,17,2,12,3,4,3,0,,,,,,
perimetercid/www.perimetercid.org/rfps/37AshfordDunwoodyRd@PerCtrEastMallEntPM.txt,ASHFORD DUNWOODY ROAD / PERIMETER CENTER EAST MALL ENTRANCE,Cars - Trucks,4/25/2012,17:15-17:30,13,255,19,19,12,88,62,536,29,11,2,15,7,6,0,0,,,,,,
perimetercid/www.perimetercid.org/rfps/37AshfordDunwoodyRd@PerCtrEastMallEntPM.txt,ASHFORD DUNWOODY ROAD / PERIMETER CENTER EAST MALL ENTRANCE,Cars - Trucks,4/25/2012,17:30-17:45,11,216,21,15,11,93,58,549,24,21,2,15,3,9,1,0,,,,,,
perimetercid/www.perimetercid.org/rfps/37AshfordDunwoodyRd@PerCtrEastMallEntPM.txt,ASHFORD DUNWOODY ROAD / PERIMETER CENTER EAST MALL ENTRANCE,Cars - Trucks,4/25/2012,17:45-18:00,10,178,17,10,18,59,45,508,33,6,3,19,3,20,4,0,,,,,,
perimetercid/www.perimetercid.org/rfps/38Crestline_CentralPkwy@CentralParkDrAM.txt,CRESTLINE_CENTRAL PARKWAY / CENTRAL PARK DRIVE,Cars - Trucks,4/25/2012,07:00-07:15,8,13,0,0,0,0,0,7,10,11,0,3,16,0,0,4,,,,,,
perimetercid/www.perimetercid.org/rfps/38Crestline_CentralPkwy@CentralParkDrAM.txt,CRESTLINE_CENTRAL PARKWAY / CENTRAL PARK DRIVE,Cars - Trucks,4/25/2012,07:15-07:30,17,10,0,0,0,0,0,13,14,25,0,3,9,0,0,0,,,,,,
perimetercid/www.perimetercid.org/rfps/38Crestline_CentralPkwy@CentralParkDrAM.txt,CRESTLINE_CENTRAL PARKWAY / CENTRAL PARK DRIVE,Cars - Trucks,4/25/2012,07:30-07:45,10,14,0,0,0,0,0,26,17,32,0,1,5,0,0,1,,,,,,
perimetercid/www.perimetercid.org/rfps/38Crestline_CentralPkwy@CentralParkDrAM.txt,CRESTLINE_CENTRAL PARKWAY / CENTRAL PARK DRIVE,Cars - Trucks,4/25/2012,07:45-08:00,13,23,0,0,0,0,0,22,15,26,0,2,6,0,0,1,,,,,,
perimetercid/www.perimetercid.org/rfps/38Crestline_CentralPkwy@CentralParkDrAM.txt,CRESTLINE_CENTRAL PARKWAY / CENTRAL PARK DRIVE,Cars - Trucks,4/25/2012,08:00-08:15,20,34,0,0,0,0,0,26,17,38,0,0,10,0,0,0,,,,,,
perimetercid/www.perimetercid.org/rfps/38Crestline_CentralPkwy@CentralParkDrAM.txt,CRESTLINE_CENTRAL PARKWAY / CENTRAL PARK DRIVE,Cars - Trucks,4/25/2012,08:15-08:30,23,32,0,0,0,0,0,27,13,46,0,8,6,0,0,1,,,,,,
perimetercid/www.perimetercid.org/rfps/38Crestline_CentralPkwy@CentralParkDrAM.txt,CRESTLINE_CENTRAL PARKWAY / CENTRAL PARK DRIVE,Cars - Trucks,4/25/2012,08:30-08:45,25,37,0,0,0,0,0,34,19,36,0,2,6,0,0,2,,,,,,
perimetercid/www.perimetercid.org/rfps/38Crestline_CentralPkwy@CentralParkDrAM.txt,CRESTLINE_CENTRAL PARKWAY / CENTRAL PARK DRIVE,Cars - Trucks,4/25/2012,08:45-09:00,24,47,0,0,0,0,0,33,12,37,0,7,5,0,0,0,,,,,,
perimetercid/www.perimetercid.org/rfps/38Crestline_CentralPkwy@CentralParkDrPM.txt,CRESTLINE_CENTRAL PARKWAY / CENTRAL PARK DRIVE,Cars - Trucks,4/25/2012,16:00-16:15,2,38,0,0,0,0,0,61,18,33,0,7,4,0,0,0,,,,,,
perimetercid/www.perimetercid.org/rfps/38Crestline_CentralPkwy@CentralParkDrPM.txt,CRESTLINE_CENTRAL PARKWAY / CENTRAL PARK DRIVE,Cars - Trucks,4/25/2012,16:15-16:30,1,19,0,0,0,0,0,59,17,37,0,5,1,0,0,2,,,,,,
perimetercid/www.perimetercid.org/rfps/38Crestline_CentralPkwy@CentralParkDrPM.txt,CRESTLINE_CENTRAL PARKWAY / CENTRAL PARK DRIVE,Cars - Trucks,4/25/2012,16:30-16:45,1,23,0,0,0,0,0,68,16,49,0,6,1,0,0,0,,,,,,
perimetercid/www.perimetercid.org/rfps/38Crestline_CentralPkwy@CentralParkDrPM.txt,CRESTLINE_CENTRAL PARKWAY / CENTRAL PARK DRIVE,Cars - Trucks,4/25/2012,16:45-17:00,0,31,0,0,0,0,0,58,15,47,0,8,2,0,1,2,,,,,,
perimetercid/www.perimetercid.org/rfps/38Crestline_CentralPkwy@CentralParkDrPM.txt,CRESTLINE_CENTRAL PARKWAY / CENTRAL PARK DRIVE,Cars - Trucks,4/25/2012,17:00-17:15,2,46,0,0,0,0,0,97,23,52,0,10,0,0,0,1,,,,,,
perimetercid/www.perimetercid.org/rfps/38Crestline_CentralPkwy@CentralParkDrPM.txt,CRESTLINE_CENTRAL PARKWAY / CENTRAL PARK DRIVE,Cars - Trucks,4/25/2012,17:15-17:30,1,38,0,0,0,0,0,92,15,56,0,13,2,0,0,3,,,,,,
perimetercid/www.perimetercid.org/rfps/38Crestline_CentralPkwy@CentralParkDrPM.txt,CRESTLINE_CENTRAL PARKWAY / CENTRAL PARK DRIVE,Cars - Trucks,4/25/2012,17:30-17:45,2,42,0,0,0,0,0,74,20,57,0,7,1,0,0,0,,,,,,
perimetercid/www.perimetercid.org/rfps/38Crestline_CentralPkwy@CentralParkDrPM.txt,CRESTLINE_CENTRAL PARKWAY / CENTRAL PARK DRIVE,Cars - Trucks,4/25/2012,17:45-18:00,1,36,0,0,0,0,0,78,17,62,0,5,0,0,0,1,,,,,,
perimetercid/www.perimetercid.org/rfps/39PeachtreeDunwoodyRd@CentralParkRdAM.txt,PEACHTREE DUNWOODY ROAD / CENTRAL PARK DRIVE,Cars - Trucks,4/25/2012,07:00-07:15,0,135,0,1,0,7,29,102,1,6,0,0,0,1,0,2,,,,,,
perimetercid/www.perimetercid.org/rfps/39PeachtreeDunwoodyRd@CentralParkRdAM.txt,PEACHTREE DUNWOODY ROAD / CENTRAL PARK DRIVE,Cars - Trucks,4/25/2012,07:15-07:30,0,179,5,0,0,11,41,99,1,16,0,1,0,0,0,3,,,,,,
perimetercid/www.perimetercid.org/rfps/39PeachtreeDunwoodyRd@CentralParkRdAM.txt,PEACHTREE DUNWOODY ROAD / CENTRAL PARK DRIVE,Cars - Trucks,4/25/2012,07:30-07:45,1,187,6,0,0,9,41,161,1,15,2,6,1,2,0,5,,,,,,
perimetercid/www.perimetercid.org/rfps/39PeachtreeDunwoodyRd@CentralParkRdAM.txt,PEACHTREE DUNWOODY ROAD / CENTRAL PARK DRIVE,Cars - Trucks,4/25/2012,07:45-08:00,2,201,6,1,0,11,50,152,1,21,0,6,1,0,2,3,,,,,,
perimetercid/www.perimetercid.org/rfps/39PeachtreeDunwoodyRd@CentralParkRdAM.txt,PEACHTREE DUNWOODY ROAD / CENTRAL PARK DRIVE,Cars - Trucks,4/25/2012,08:00-08:15,1,210,9,6,0,7,63,163,3,24,1,5,1,0,0,1,,,,,,
perimetercid/www.perimetercid.org/rfps/39PeachtreeDunwoodyRd@CentralParkRdAM.txt,PEACHTREE DUNWOODY ROAD / CENTRAL PARK DRIVE,Cars - Trucks,4/25/2012,08:15-08:30,0,199,7,1,0,7,60,154,1,15,1,1,0,0,2,0,,,,,,
perimetercid/www.perimetercid.org/rfps/39PeachtreeDunwoodyRd@CentralParkRdAM.txt,PEACHTREE DUNWOODY ROAD / CENTRAL PARK DRIVE,Cars - Trucks,4/25/2012,08:30-08:45,2,197,7,3,1,12,53,167,0,19,0,4,0,1,2,3,,,,,,
perimetercid/www.perimetercid.org/rfps/39PeachtreeDunwoodyRd@CentralParkRdAM.txt,PEACHTREE DUNWOODY ROAD / CENTRAL PARK DRIVE,Cars - Trucks,4/25/2012,08:45-09:00,1,205,5,3,0,15,53,194,2,15,0,5,0,0,0,0,,,,,,
perimetercid/www.perimetercid.org/rfps/39PeachtreeDunwoodyRd@CentralParkRdPM.txt,PEACHTREE DUNWOODY ROAD / CENTRAL PARK DRIVE,Cars - Trucks,4/25/2012,16:00-16:15,4,214,3,2,0,33,31,182,6,6,0,1,0,0,0,5,,,,,,
perimetercid/www.perimetercid.org/rfps/39PeachtreeDunwoodyRd@CentralParkRdPM.txt,PEACHTREE DUNWOODY ROAD / CENTRAL PARK DRIVE,Cars - Trucks,4/25/2012,16:15-16:30,6,190,6,3,0,35,36,183,9,5,1,3,1,0,0,6,,,,,,
perimetercid/www.perimetercid.org/rfps/39PeachtreeDunwoodyRd@CentralParkRdPM.txt,PEACHTREE DUNWOODY ROAD / CENTRAL PARK DRIVE,Cars - Trucks,4/25/2012,16:30-16:45,5,219,4,6,1,39,34,198,12,6,0,5,1,0,0,10,,,,,,
perimetercid/www.perimetercid.org/rfps/39PeachtreeDunwoodyRd@CentralParkRdPM.txt,PEACHTREE DUNWOODY ROAD / CENTRAL PARK DRIVE,Cars - Trucks,4/25/2012,16:45-17:00,5,194,0,7,4,26,45,215,9,9,3,2,0,2,1,2,,,,,,
perimetercid/www.perimetercid.org/rfps/39PeachtreeDunwoodyRd@CentralParkRdPM.txt,PEACHTREE DUNWOODY ROAD / CENTRAL PARK DRIVE,Cars - Trucks,4/25/2012,17:00-17:15,8,205,4,7,0,47,37,240,10,4,0,1,0,3,4,3,,,,,,
perimetercid/www.perimetercid.org/rfps/39PeachtreeDunwoodyRd@CentralParkRdPM.txt,PEACHTREE DUNWOODY ROAD / CENTRAL PARK DRIVE,Cars - Trucks,4/25/2012,17:15-17:30,6,202,4,8,1,40,46,234,9,6,2,0,0,0,4,4,,,,,,
perimetercid/www.perimetercid.org/rfps/39PeachtreeDunwoodyRd@CentralParkRdPM.txt,PEACHTREE DUNWOODY ROAD / CENTRAL PARK DRIVE,Cars - Trucks,4/25/2012,17:30-17:45,7,223,3,5,4,32,52,252,15,3,0,2,0,0,0,8,,,,,,
perimetercid/www.perimetercid.org/rfps/39PeachtreeDunwoodyRd@CentralParkRdPM.txt,PEACHTREE DUNWOODY ROAD / CENTRAL PARK DRIVE,Cars - Trucks,4/25/2012,17:45-18:00,7,213,3,3,2,26,60,221,16,9,0,1,0,1,1,4,,,,,,
